Seed,Score,T2,T3,T4,T5,T6,B2,B3,B4,B5,B6,N123,N456,TAO2,TAO3,TAO4,TAO5,TAO6,TAOT,NT,TT
EQE6I211,59,0,0,1,1,0,0,0,1,2,0,0,0
7S2AE411,60,1,0,0,1,0,0,0,0,1,1,0,1
M88YR411,60,0,1,0,0,1,0,1,1,0,0,0,1
7VNH6511,59,1,0,0,1,0,1,1,0,1,0,0,0
W3MUJ611,59,0,1,0,1,0,0,1,1,1,0,0,0
YDQRL611,59,0,0,1,1,0,1,0,0,2,0,0,0
5ZOTD711,60,0,0,1,1,0,0,1,0,1,0,0,1
1QJWH811,59,0,1,0,0,1,0,0,1,0,2,0,0
YT3TAA11,59,1,0,0,1,0,0,2,0,1,0,0,0
HOEMSA11,66,0,1,1,1,0,1,0,0,2,0,0,0
96HXNB11,67,1,0,0,1,1,0,1,0,1,0,0,1
Y5ZPPC11,59,0,1,0,1,0,0,0,1,1,1,0,0
UF828D11,60,0,0,1,1,0,0,0,1,0,1,0,1
8ZPH7E11,60,0,1,0,0,1,0,1,1,0,0,0,1
L89F9E11,66,1,0,1,0,1,0,0,2,1,0,0,0
2ZHXBF11,59,0,1,0,1,0,1,0,1,0,1,0,0
R4SZIF11,59,0,1,0,1,0,0,0,2,0,1,0,0
R9XBRG11,59,0,1,0,1,0,0,1,1,0,1,0,0
7WC1QK11,66,1,0,1,0,1,0,1,0,0,2,0,0
YHV9TK11,66,0,1,1,1,0,0,2,0,1,0,0,0
34TSKM11,60,0,1,0,0,1,1,1,0,0,0,0,1
P9OBON11,59,0,1,0,1,0,0,0,0,1,2,0,0
Z9WOOO11,60,1,0,0,0,1,1,0,0,0,1,0,1
JODQSP11,59,1,0,0,1,0,0,0,0,2,1,0,0
LL2NCQ11,59,1,0,0,1,0,1,0,0,1,1,0,0
4NSEDS11,59,1,0,0,1,0,1,0,1,1,0,0,0
X6X5YS11,60,0,0,1,0,1,1,1,0,0,0,0,1
MOLXST11,59,0,0,1,1,0,0,0,0,1,2,0,0
18L7WU11,59,0,0,1,1,0,0,1,1,0,1,0,0
GB29UV11,59,1,0,0,1,0,0,0,2,0,1,0,0
UR5RYW11,60,0,0,1,0,1,1,0,0,0,1,0,1
ZIOIHX11,59,0,1,0,1,0,0,0,2,1,0,0,0
WL3ARZ11,66,1,0,1,1,0,0,0,2,0,1,0,0
O4L7R121,59,0,0,1,1,0,1,1,0,0,1,0,0
B9G8W121,66,1,1,0,1,0,0,0,2,0,1,0,0
CC21M221,60,1,0,0,1,0,1,0,0,1,0,0,1
98TV2321,66,1,0,1,1,0,0,1,0,1,1,0,0
ICPG8421,59,0,1,0,1,0,1,0,1,0,1,0,0
F1589721,60,0,1,0,0,1,0,0,2,0,0,0,1
DNYGO721,59,1,0,0,1,0,0,0,0,2,1,0,0
T2ORAA21,59,0,1,0,0,1,0,0,0,2,1,0,0
9MNCUA21,60,0,1,0,0,1,0,0,1,0,1,0,1
HAPG8C21,59,1,0,0,0,1,0,0,2,1,0,0,0
FTBEPC21,75,0,1,0,1,0,1,0,0,2,0,0,1
Z15YFF21,59,0,0,1,1,0,0,0,0,2,1,0,0
4GDMDG21,59,1,0,0,0,1,1,0,2,0,0,0,0
68ZOCH21,60,1,0,0,1,0,1,0,0,0,1,0,1
QXZREH21,59,0,0,1,1,0,1,0,0,2,0,0,0
DN99HH21,60,0,1,0,1,0,0,0,1,0,1,0,1
WOTG2J21,60,0,0,1,0,1,0,0,0,1,1,0,1
P4UQRJ21,59,1,0,0,1,0,0,0,0,1,2,0,0
8SYZIK21,60,0,0,1,1,0,1,0,0,1,0,0,1
D1GM7M21,66,1,1,0,1,0,0,0,2,0,1,0,0
SCIJJM21,59,0,1,0,0,1,0,1,0,1,1,0,0
S26J3O21,59,0,1,0,0,1,0,0,0,1,2,0,0
N94NBP21,59,0,0,1,1,0,0,0,1,1,1,0,0
49OZBP21,59,0,0,1,1,0,1,0,1,1,0,0,0
IGVYIP21,66,1,0,0,1,1,0,0,1,1,1,0,0
3T3P7R21,59,0,1,0,0,1,1,1,1,0,0,0,0
9KPSGT21,59,0,0,1,1,0,0,1,1,0,1,0,0
USHBRT21,59,1,0,0,0,1,0,0,1,0,2,0,0
IP4RGU21,59,1,0,0,0,1,2,0,0,1,0,0,0
LECFEW21,59,1,0,0,0,1,0,0,0,2,1,0,0
L8G3KW21,59,1,0,0,0,1,0,0,1,1,1,0,0
2TAXBX21,59,1,0,0,0,1,1,1,1,0,0,0,0
8KEJIX21,67,0,1,1,1,0,0,0,0,2,0,0,1
DOYQXX21,60,1,0,0,0,1,0,1,1,0,0,0,1
VB5HOY21,60,0,1,0,1,0,1,0,0,1,0,0,1
NXXUAZ21,60,0,1,0,0,1,0,1,1,0,0,0,1
IE7UB131,59,0,1,0,1,0,0,0,1,1,1,0,0
XWUHE331,59,0,1,0,0,1,1,0,1,0,1,0,0
TUJY4631,59,1,0,0,1,0,0,0,0,2,1,0,0
C6OFH631,59,0,0,1,1,0,1,0,0,2,0,0,0
LFLEU831,59,0,1,0,0,1,0,0,0,2,1,0,0
XNGHD931,66,1,1,0,0,1,1,0,1,1,0,0,0
8LTDK931,60,1,0,0,1,0,0,0,1,0,1,0,1
1CLFAA31,59,0,1,0,1,0,0,2,1,0,0,0,0
WRCJZB31,60,0,0,1,0,1,0,0,0,1,1,0,1
LUX6EG31,59,1,0,0,0,1,0,0,1,1,1,0,0
MHNNBH31,82,1,0,1,1,0,1,1,1,0,0,0,1
ZFI1TH31,59,1,0,0,1,0,2,0,0,1,0,0,0
QBS8AK31,59,0,0,1,0,1,0,0,2,0,1,0,0
RZKQHK31,59,1,0,0,1,0,2,0,0,0,1,0,0
6JJNJL31,59,0,1,0,0,1,0,0,2,1,0,0,0
VVB78M31,74,1,0,0,0,1,1,1,0,2,0,0,0
UAQTDM31,59,0,1,0,1,0,0,1,0,2,0,0,0
GAJWYM31,59,0,0,1,1,0,0,0,1,2,0,0,0
9936IN31,59,1,0,0,0,1,0,1,1,0,1,0,0
U5F9XN31,59,0,1,0,1,0,0,0,1,1,1,0,0
DSOJTO31,75,1,0,0,0,1,1,0,1,1,0,0,1
T5MK8R31,59,1,0,0,1,0,0,0,0,2,1,0,0
AMVEHR31,60,1,0,0,0,1,1,0,1,0,0,0,1
8QT8DS31,60,0,1,0,1,0,0,1,0,1,0,0,1
F78UOU31,59,0,0,1,0,1,1,0,1,0,1,0,0
3FLOWU31,59,0,1,0,1,0,1,1,1,0,0,0,0
ANUAXY31,61,1,0,0,1,0,1,0,0,1,0,1,0
T8NLZY31,59,1,0,0,1,0,0,1,1,1,0,0,0
KKOI7341,59,0,1,0,1,0,2,1,0,0,0,0,0
JYRAL341,59,1,0,0,0,1,1,0,0,0,2,0,0
H7B94641,60,1,0,0,1,0,0,1,1,0,0,0,1
XJM9I741,59,0,1,0,1,0,1,2,0,0,0,0,0
EGCII741,59,0,1,0,0,1,1,1,0,0,1,0,0
23OOO741,59,0,0,1,0,1,1,0,1,0,1,0,0
IOUXJ841,59,0,1,0,1,0,1,0,2,0,0,0,0
FZJ3R841,59,0,0,1,1,0,0,0,2,0,1,0,0
XZELZ841,60,0,1,0,1,0,0,1,0,0,1,0,1
28K66941,60,0,0,1,0,1,0,1,1,0,0,0,1
3JCVD941,59,0,0,1,1,0,2,1,0,0,0,0,0
YHVG7B41,59,1,0,0,1,0,1,0,0,1,1,0,0
UIOTLB41,66,1,0,1,1,0,0,1,0,1,1,0,0
ZDG6AC41,60,0,1,0,0,1,0,1,0,1,0,0,1
QH7JDC41,59,0,0,1,1,0,1,1,0,0,1,0,0
4COEMC41,60,1,0,0,0,1,0,1,0,1,0,0,1
HS8IUC41,59,0,0,1,0,1,0,0,0,1,2,0,0
QNDPNE41,59,1,0,0,1,0,2,0,0,1,0,0,0
7GJLEI41,60,0,0,1,0,1,1,0,1,0,0,0,1
15QAZJ41,60,1,0,0,0,1,0,0,1,1,0,0,1
Q438EK41,59,1,0,0,1,0,1,2,0,0,0,0,0
TLVB8M41,59,0,1,0,0,1,0,1,1,1,0,0,0
WGQZBM41,59,0,1,0,0,1,1,0,0,2,0,0,0
E9AXLP41,59,1,0,0,0,1,0,0,2,0,1,0,0
7UWYLP41,59,0,1,0,0,1,0,0,0,2,1,0,0
TE7E6Q41,59,0,1,0,1,0,0,0,1,1,1,0,0
BQEPAU41,60,1,0,0,1,0,0,1,1,0,0,0,1
OA2E2V41,59,0,0,1,1,0,1,0,2,0,0,0,0
VJEJIX41,59,1,0,0,0,1,1,0,0,1,1,0,0
8IVTTX41,59,0,0,1,1,0,0,0,0,2,1,0,0
UJYNGY41,59,1,0,0,1,0,0,0,0,0,3,0,0
UTOV3151,59,1,0,0,0,1,1,1,0,1,0,0,0
BTQGJ851,59,0,1,0,1,0,1,0,0,1,1,0,0
SPJJ6951,59,0,0,1,1,0,1,0,0,2,0,0,0
7VXWG951,60,0,1,0,1,0,0,0,0,2,0,0,1
Q7NIKA51,59,0,0,1,1,0,0,1,1,0,1,0,0
1Z31LA51,60,0,0,1,1,0,0,1,0,0,1,0,1
D2N4DC51,60,1,0,0,0,1,0,1,0,1,0,0,1
GXTOIC51,60,0,0,1,0,1,1,0,0,1,0,0,1
S3Y2EE51,59,0,1,0,0,1,0,0,1,2,0,0,0
2AH7IE51,60,1,0,0,1,0,0,0,1,0,1,0,1
HNSGPH51,60,0,1,0,1,0,0,0,1,1,0,0,1
KTK4RH51,60,0,1,0,0,1,0,0,0,1,1,0,1
WKJSWH51,59,0,0,1,0,1,0,2,0,0,1,0,0
W8FDSI51,59,0,1,0,0,1,1,0,0,0,2,0,0
F28Z2K51,60,0,1,0,0,1,0,0,2,0,0,0,1
TEIH8K51,60,0,1,0,1,0,1,0,0,0,1,0,1
BA7WOM51,59,0,0,1,1,0,1,0,1,0,1,0,0
VVKK3N51,74,0,1,0,1,0,1,1,0,1,1,0,0
VR88ON51,59,1,0,0,0,1,1,0,0,1,1,0,0
UXI7TN51,66,1,0,1,1,0,0,0,1,2,0,0,0
Z12HUO51,59,1,0,0,1,0,1,0,1,0,1,0,0
AARIYP51,59,0,0,1,1,0,0,0,1,0,2,0,0
S1PMZP51,59,1,1,1,1,0,0,1,0,0,0,0,1
97Y77Q51,59,0,1,0,1,0,0,1,1,1,0,0,0
37Q6GQ51,59,0,1,0,1,0,2,0,0,1,0,0,0
NA5ANQ51,59,0,0,1,1,0,0,0,2,1,0,0,0
MLWNUQ51,59,0,0,1,0,1,0,0,1,0,2,0,0
R8669R51,59,1,0,0,1,0,1,1,0,1,0,0,0
K4EOMR51,59,0,1,0,1,0,1,2,0,0,0,0,0
225RTR51,59,0,0,1,1,0,1,0,1,1,0,0,0
WYTBZS51,59,1,0,0,1,0,1,1,0,1,0,0,0
O9GF6T51,59,0,1,0,0,1,1,1,0,1,0,0,0
34PJNT51,60,0,1,0,1,0,0,0,1,1,0,0,1
WY5P3U51,59,1,0,0,0,1,0,1,0,1,1,0,0
AJ8UDU51,59,0,1,0,1,0,0,2,0,1,0,0,0
C78OLU51,59,0,0,1,1,0,1,0,1,1,0,0,0
UHGXWU51,59,0,0,1,1,0,0,0,1,1,1,0,0
YX5QMZ51,59,0,0,1,1,0,0,1,1,0,1,0,0
2JRL9161,59,1,0,0,0,1,0,1,0,1,1,0,0
Z5Y6W161,59,0,1,0,0,1,0,1,0,1,1,0,0
QAPGW261,59,1,0,0,1,0,0,1,2,0,0,0,0
K7X7F361,60,0,0,1,1,0,1,0,0,1,0,0,1
A444L361,59,0,1,0,1,0,0,0,1,0,2,0,0
DQQ65461,59,1,0,0,0,1,1,1,0,1,0,0,0
4NIMC561,59,0,1,0,0,1,1,1,0,0,1,0,0
R5OBT561,60,1,0,0,1,0,1,0,0,0,1,0,1
8CAOG761,60,0,0,1,1,0,0,0,2,0,0,0,1
VWEFL761,60,1,0,0,0,1,0,0,0,1,1,0,1
LAG78A61,59,0,0,1,0,1,0,1,0,0,2,0,0
S1G3TA61,59,0,0,1,1,0,0,1,1,0,1,0,0
2R88XB61,59,0,0,1,1,0,1,0,1,1,0,0,0
TGCRXB61,59,1,0,0,0,1,0,1,0,1,1,0,0
RBATZC61,59,0,1,0,1,0,1,0,1,0,1,0,0
QKW92F61,59,0,1,0,1,0,0,1,1,1,0,0,0
OB589F61,60,0,1,0,0,1,0,0,0,2,0,0,1
G532GF61,67,0,1,1,1,0,0,0,1,0,1,0,1
UYTKLF61,59,0,0,1,0,1,1,0,0,1,1,0,0
N1YIPH61,59,0,1,0,0,1,1,0,1,1,0,0,0
3ZGB4I61,59,0,0,1,1,0,1,1,0,1,0,0,0
OU7CCJ61,60,0,1,0,0,1,1,1,0,0,0,0,1
3NEHKJ61,60,0,1,0,1,0,0,2,0,0,0,0,1
5PC9XJ61,60,1,0,0,1,0,0,0,1,1,0,0,1
LUKSIK61,60,1,0,0,0,1,0,0,0,2,0,0,1
A61G3L61,59,0,0,1,0,1,1,1,0,0,1,0,0
69HJAL61,59,0,0,1,0,1,0,0,1,1,1,0,0
35MISL61,60,1,0,0,1,0,1,0,0,1,0,0,1
WJGR5N61,59,0,0,1,0,1,1,1,0,0,1,0,0
39K32O61,59,1,0,0,0,1,1,0,0,1,1,0,0
GUZ77O61,66,0,1,1,1,0,1,0,0,1,1,0,0
TVICWO61,59,1,0,0,0,1,1,1,0,0,1,0,0
HXDL8P61,74,0,0,1,0,1,1,1,0,2,0,0,0
IB534Q61,66,1,1,1,1,1,0,0,0,1,0,0,1
YMK71R61,60,0,1,0,1,0,0,0,2,0,0,0,1
MQ2DIR61,59,0,0,1,0,1,0,1,1,0,1,0,0
Y8RDKR61,66,1,0,1,0,1,0,0,1,1,1,0,0
KR62HT61,60,1,0,0,1,0,0,0,0,2,0,0,1
PMJJMU61,59,0,1,0,1,0,2,0,0,1,0,0,0
ZHHZ8V61,59,0,0,1,0,1,1,0,0,2,0,0,0
DKT3MW61,59,0,0,1,1,0,0,1,1,0,1,0,0
DC7ITY61,59,1,1,1,1,0,0,0,1,0,0,0,1
ZYPL9Z61,60,0,0,1,1,0,0,0,1,0,1,0,1
SMEFG271,59,1,0,0,0,1,1,0,1,1,0,0,0
VPRPP471,59,0,0,1,0,1,0,0,1,2,0,0,0
NHGR2571,59,1,0,0,1,0,1,1,0,1,0,0,0
IUKS7571,59,1,0,0,0,1,0,0,3,0,0,0,0
Q3DWE671,59,0,1,0,1,0,0,0,1,0,2,0,0
4Q2OH671,59,0,0,1,1,0,1,0,0,0,2,0,0
OMCI7771,59,1,0,0,1,0,1,1,1,0,0,0,0
V8RBX771,59,0,1,0,0,1,0,1,0,0,2,0,0
NIEUF871,59,0,1,0,1,0,1,1,1,0,0,0,0
NRE3V871,60,0,0,1,0,1,1,1,0,0,0,0,1
5J8KBB71,59,1,0,0,1,0,0,2,0,0,1,0,0
LXQ8HB71,66,1,1,0,0,1,0,0,0,1,2,0,0
2B9Z2D71,59,1,0,0,0,1,1,1,1,0,0,0,0
1C7X2E71,60,0,0,1,0,1,0,1,0,1,0,0,1
TL411F71,60,0,0,1,0,1,0,0,0,0,2,0,1
LJA7MG71,59,0,0,1,0,1,0,1,0,0,2,0,0
JKVQSK71,59,0,0,1,1,0,0,0,2,1,0,0,0
6FJ85N71,59,1,0,0,1,0,1,0,1,0,1,0,0
YDSFCN71,60,0,0,1,0,1,0,0,0,2,0,0,1
K7HQUO71,59,1,0,0,1,0,0,0,0,1,2,0,0
NMMW4P71,59,1,0,0,1,0,0,1,1,0,1,0,0
B3WOKP71,59,1,0,0,1,0,1,0,0,2,0,0,0
SHMPXQ71,60,0,1,0,0,1,1,0,1,0,0,0,1
8OIP6S71,59,1,0,0,0,1,1,0,1,0,1,0,0
9SI9RT71,59,0,1,0,0,1,0,0,1,1,1,0,0
K6VQAV71,59,0,0,1,1,0,1,0,1,0,1,0,0
GHTP8Y71,60,0,1,0,1,0,0,1,1,0,0,0,1
S4BAAY71,75,0,0,1,1,0,0,0,0,1,2,0,1
S3V5IY71,59,0,1,0,0,1,0,1,1,1,0,0,0
CDRMOY71,59,0,1,0,0,1,1,0,0,0,2,0,0
4IB6J381,59,0,1,0,0,1,1,0,1,0,1,0,0
NWHWJ481,60,0,0,1,1,0,0,0,1,1,0,0,1
4Y2HA581,60,0,1,0,0,1,2,0,0,0,0,0,1
7CQBX581,60,0,0,1,0,1,0,0,2,0,0,0,1
Q4F7HA81,59,0,1,0,0,1,0,0,0,2,1,0,0
LR7JKA81,60,0,1,0,0,1,0,1,0,1,0,0,1
J7SHWB81,59,0,1,0,1,0,0,1,1,1,0,0,0
2LBHKD81,59,0,0,1,1,0,1,0,0,1,1,0,0
EZBUSD81,59,1,0,0,1,0,0,1,0,1,1,0,0
SFNF8E81,59,0,0,1,1,0,0,1,1,0,1,0,0
5LUVZE81,59,0,1,0,1,0,1,1,0,1,0,0,0
T7P22F81,60,0,1,0,0,1,0,0,2,0,0,0,1
5LLP4G81,59,0,0,1,1,0,0,0,1,0,2,0,0
BD998G81,59,1,0,0,0,1,0,2,0,1,0,0,0
GRQ5FH81,59,0,1,0,0,1,1,2,0,0,0,0,0
DZSJJH81,59,0,0,1,0,1,1,0,0,0,2,0,0
5JUWCI81,66,1,0,1,0,1,1,1,0,1,0,0,0
1M8BQI81,61,0,0,1,0,1,0,0,0,2,0,1,0
HCBH1J81,60,0,0,1,0,1,0,1,0,0,1,0,1
4YE7VK81,59,0,0,1,0,1,0,1,1,0,1,0,0
4K666M81,59,1,0,0,0,1,0,0,1,2,0,0,0
QRSXYM81,59,0,1,0,0,1,0,0,0,1,2,0,0
FD4I6N81,59,0,0,1,0,1,0,0,2,0,1,0,0
634CBO81,59,0,1,0,0,1,0,1,0,0,2,0,0
569FVO81,59,1,0,0,1,0,0,0,1,2,0,0,0
OQJJOP81,59,0,1,0,0,1,0,0,1,0,2,0,0
NZWM8S81,66,0,1,1,0,1,1,0,1,1,0,0,0
R88ITS81,59,0,0,1,0,1,0,1,0,0,2,0,0
VPOSWS81,59,0,1,0,0,1,0,1,0,2,0,0,0
9N2ENU81,67,0,0,1,1,1,0,0,0,1,1,0,1
YETQ8V81,59,1,0,0,1,0,0,1,1,0,1,0,0
1QC9YV81,59,1,0,0,0,1,0,0,2,1,0,0,0
WC8X1W81,60,0,0,1,0,1,0,0,0,1,1,0,1
VEZT2W81,60,1,0,0,0,1,0,0,0,2,0,0,1
IUAFPW81,59,1,0,0,0,1,0,0,1,1,1,0,0
DZ6K3Y81,59,0,0,1,1,0,1,0,1,1,0,0,0
8MFD1Z81,67,1,0,1,0,1,1,0,1,0,0,0,1
3U98CZ81,59,1,0,0,0,1,0,1,2,0,0,0,0
Y67QEZ81,59,1,0,0,1,0,1,1,0,0,1,0,0
QUYHW191,59,0,1,0,0,1,0,1,0,1,1,0,0
XE22D491,59,1,0,0,0,1,0,0,1,1,1,0,0
NS2BG491,59,0,0,1,0,1,0,0,1,1,1,0,0
1XUGP491,66,1,0,0,1,1,1,0,1,0,1,0,0
OAQSX491,59,0,0,1,1,0,1,1,0,1,0,0,0
RVQ5L991,59,1,0,0,0,1,0,0,1,2,0,0,0
D9FEM991,59,0,0,1,1,0,0,0,1,1,1,0,0
TKGHZ991,60,0,0,1,1,0,0,0,1,0,1,0,1
HP39PA91,59,0,1,0,0,1,1,0,0,1,1,0,0
ESVUCB91,59,1,0,0,1,0,0,2,0,0,1,0,0
JJSROC91,59,1,0,0,0,1,0,0,2,0,1,0,0
II5QGD91,59,0,1,0,1,0,2,0,0,0,1,0,0
C5QQKD91,59,0,1,0,0,1,0,0,1,0,2,0,0
MP1HOD91,60,0,1,0,1,0,0,0,0,2,0,0,1
DTPRZF91,73,1,0,1,1,1,2,0,1,0,0,0,0
2L6MGH91,59,0,0,1,1,0,0,2,0,0,1,0,0
Y11NTH91,59,1,0,0,0,1,0,0,1,1,1,0,0
7JGF2I91,60,0,1,0,1,0,0,1,0,1,0,0,1
LSJC5I91,59,0,0,1,0,1,1,0,0,1,1,0,0
VXRTDI91,60,0,0,1,1,0,0,0,0,1,1,0,1
QXYSLI91,59,0,1,0,0,1,0,1,0,1,1,0,0
BKABKK91,60,1,0,0,1,0,0,0,1,1,0,0,1
WQWATK91,59,0,1,0,0,1,0,0,2,1,0,0,0
GJFDUL91,59,0,0,1,1,0,0,1,0,1,1,0,0
MESYQN91,60,0,1,0,1,0,0,0,0,1,1,0,1
BFSWSN91,59,1,0,0,1,0,1,0,1,0,1,0,0
DTBQ4O91,59,0,0,1,0,1,1,0,1,1,0,0,0
HJYHDP91,82,0,1,1,0,1,0,1,0,0,2,0,1
3MJW5Q91,60,1,0,0,1,0,1,1,0,0,0,0,1
HWLIBQ91,66,1,0,0,1,1,1,1,0,1,0,0,0
SQ41FR91,60,1,0,0,0,1,0,0,1,1,0,0,1
58E89T91,59,1,0,0,0,1,1,0,1,1,0,0,0
MDPSMT91,59,0,1,0,0,1,0,0,1,1,1,0,0
UC2KQU91,59,0,0,1,1,0,0,0,1,1,1,0,0
ZTFTNV91,59,0,0,1,1,0,0,0,1,1,1,0,0
YQSKKW91,59,0,0,1,1,0,0,0,0,0,3,0,0
AYSATZ91,74,0,1,0,1,0,1,2,1,0,0,0,0
6SWBWZ91,60,0,0,1,0,1,0,0,0,0,2,0,1
7Z7KD2A1,59,1,0,0,1,0,1,0,2,0,0,0,0
LPSHI2A1,59,0,1,0,1,0,1,1,0,1,0,0,0
X4OJ53A1,59,0,1,0,0,1,1,1,0,1,0,0,0
NV2J63A1,59,0,0,1,1,0,0,1,1,1,0,0,0
ISCZ83A1,59,0,0,1,1,0,0,1,0,0,2,0,0
OG1MC3A1,59,0,1,0,1,0,0,0,1,1,1,0,0
YO96N3A1,59,1,0,0,0,1,0,1,0,1,1,0,0
GMRQQ3A1,59,0,1,0,1,0,1,0,1,1,0,0,0
ZCUQO4A1,59,0,0,1,1,0,1,1,0,1,0,0,0
22D766A1,60,0,1,0,1,0,1,0,1,0,0,0,1
CW8UT7A1,59,0,0,1,1,0,0,1,2,0,0,0,0
MZC9K9A1,59,0,0,1,0,1,0,1,1,1,0,0,0
LJ2CRAA1,59,1,0,0,1,0,0,1,1,1,0,0,0
YK9USAA1,60,1,0,0,0,1,0,0,0,1,1,0,1
TF76RBA1,59,1,0,0,0,1,0,1,1,1,0,0,0
9DKA3CA1,60,0,0,1,1,0,1,0,0,1,0,0,1
6ZD5VCA1,59,0,0,1,1,0,1,0,0,1,1,0,0
1UE1DFA1,60,0,1,0,0,1,0,1,0,0,1,0,1
ENK96IA1,59,0,1,0,0,1,2,0,0,0,1,0,0
INCT8IA1,60,0,1,0,1,0,0,0,0,1,1,0,1
8NA3PIA1,59,0,0,1,1,0,1,0,0,1,1,0,0
6LANAKA1,60,0,0,1,0,1,1,0,0,0,1,0,1
N6ZXCKA1,59,0,1,0,0,1,0,0,3,0,0,0,0
9NFLYKA1,59,1,1,1,1,0,0,0,0,0,1,0,1
8VDCKLA1,60,0,1,0,1,0,1,0,0,1,0,0,1
PF5IQLA1,59,0,0,1,1,0,0,0,2,0,1,0,0
8JKZ4MA1,59,0,1,0,0,1,0,2,0,0,1,0,0
434PIMA1,59,0,0,1,1,0,0,2,0,1,0,0,0
EMOF8NA1,59,0,0,1,0,1,0,2,1,0,0,0,0
2DOKQNA1,59,0,0,1,1,0,0,1,0,2,0,0,0
JER3GOA1,59,1,0,0,0,1,0,1,1,1,0,0,0
ILT5MOA1,59,0,0,1,0,1,2,1,0,0,0,0,0
RVIH8PA1,66,0,0,1,1,1,0,0,2,1,0,0,0
AOYSUPA1,60,0,0,1,1,0,0,0,0,2,0,0,1
V2MMHQA1,59,0,0,1,1,0,0,1,2,0,0,0,0
YEVDURA1,59,1,0,0,0,1,0,0,0,3,0,0,0
BVB6QTA1,59,0,0,1,1,0,0,0,0,1,2,0,0
VNBBMUA1,59,0,1,0,0,1,0,0,2,0,1,0,0
B8EYUUA1,59,0,1,0,1,0,1,1,0,0,1,0,0
7SO7DVA1,60,0,1,0,1,0,0,1,0,0,1,0,1
HZPTHXA1,59,0,1,0,0,1,0,0,0,1,2,0,0
1L22NXA1,66,0,1,0,1,1,1,1,0,1,0,0,0
WVN6T1B1,59,1,0,0,0,1,0,1,1,1,0,0,0
BMVD72B1,59,1,0,0,0,1,1,0,0,1,1,0,0
O3KR96B1,59,0,1,0,1,0,0,1,1,1,0,0,0
4RZDJ6B1,59,0,1,0,1,0,2,0,0,1,0,0,0
9RVWN6B1,60,1,0,0,1,0,0,1,0,1,0,0,1
GLKQ49B1,60,0,0,1,1,0,0,1,1,0,0,0,1
9SZKZ9B1,60,1,0,0,0,1,1,0,1,0,0,0,1
K72VZDB1,60,0,1,0,0,1,0,0,0,2,0,0,1
38AHHGB1,59,0,1,0,0,1,1,0,1,1,0,0,0
D84VOGB1,59,0,0,1,1,0,1,2,0,0,0,0,0
5MZSWGB1,59,1,0,1,1,1,1,0,0,0,0,0,1
VBI23HB1,59,0,1,0,1,0,1,0,1,1,0,0,0
QYHUJJB1,59,0,1,0,0,1,0,1,0,1,1,0,0
DYSC3LB1,59,0,0,1,1,0,1,1,0,1,0,0,0
IJ11ZLB1,60,0,0,1,0,1,1,0,0,1,0,0,1
G3X2BNB1,60,0,0,1,0,1,0,0,0,2,0,0,1
FE51ONB1,66,1,0,1,1,0,1,1,0,0,1,0,0
B2IE4OB1,59,0,0,1,1,0,1,1,0,1,0,0,0
1S6OFPB1,59,0,0,1,1,0,1,0,0,2,0,0,0
SWUF7QB1,59,1,0,0,1,0,2,0,0,1,0,0,0
I8T2RQB1,59,1,0,0,0,1,0,0,1,2,0,0,0
OFP3TQB1,66,0,1,1,0,1,1,0,1,0,1,0,0
BVMBHRB1,59,1,0,0,1,0,0,1,2,0,0,0,0
EIIFJRB1,59,1,0,0,0,1,0,0,1,1,1,0,0
9NUNISB1,59,0,1,0,0,1,0,0,0,2,1,0,0
S4MZSSB1,59,0,1,0,1,0,1,0,0,1,1,0,0
TU4UQTB1,60,0,1,0,0,1,1,0,0,1,0,0,1
7DLB7UB1,60,0,1,0,1,0,1,0,0,0,1,0,1
ZIBXQUB1,60,1,0,0,0,1,0,0,0,1,1,0,1
ZZA9FVB1,60,0,1,0,1,0,0,0,0,0,2,0,1
DVLHKVB1,60,1,0,0,0,1,0,0,0,2,0,0,1
3PQNNVB1,59,1,0,0,1,0,0,1,0,2,0,0,0
QWW18WB1,59,0,0,1,1,0,2,0,0,1,0,0,0
2UQF8WB1,59,1,0,0,1,0,0,2,0,1,0,0,0
W3PTNYB1,59,0,0,1,1,0,1,0,1,0,1,0,0
MK6KIZB1,59,1,0,0,1,0,1,1,0,1,0,0,0
POU5SZB1,60,0,0,1,0,1,0,1,0,0,1,0,1
58GXH2C1,59,1,0,0,0,1,1,1,0,1,0,0,0
763H84C1,59,1,0,0,0,1,1,1,0,1,0,0,0
DFX7R6C1,60,1,0,0,1,0,1,0,0,0,1,0,1
ENMDK7C1,59,0,0,1,0,1,1,1,0,0,1,0,0
IEJMT8C1,59,1,0,0,0,1,0,3,0,0,0,0,0
FW8J79C1,60,1,0,0,1,0,0,1,0,1,0,0,1
L92SJBC1,59,0,1,0,1,0,0,0,1,1,1,0,0
6XZ82EC1,59,0,0,1,1,0,1,1,0,0,1,0,0
B6VMOFC1,59,0,0,1,0,1,1,2,0,0,0,0,0
ZBQ93GC1,59,0,1,0,0,1,2,0,0,1,0,0,0
Y3PDCHC1,59,0,1,0,0,1,0,0,1,1,1,0,0
W39KRHC1,59,1,0,0,0,1,1,1,0,1,0,0,0
3BKT4IC1,59,0,1,0,0,1,0,0,1,1,1,0,0
D177BLC1,59,1,0,0,0,1,0,0,3,0,0,0,0
7P65QMC1,59,1,1,1,0,1,0,0,0,0,1,0,1
A5D3MNC1,59,0,0,1,1,0,0,0,1,0,2,0,0
7Q5MPNC1,60,0,0,1,0,1,0,2,0,0,0,0,1
SAM38OC1,59,1,0,0,1,0,0,0,0,1,2,0,0
NL81MPC1,59,0,1,0,0,1,0,0,0,1,2,0,0
3VUGOPC1,60,0,0,1,0,1,0,0,1,1,0,0,1
JUQPZPC1,59,0,1,0,1,0,1,1,0,0,1,0,0
VGGYMQC1,59,1,0,0,1,0,0,0,1,1,1,0,0
R1TL8SC1,60,1,0,0,0,1,0,0,0,2,0,0,1
SEEMCSC1,59,0,1,0,0,1,1,0,1,0,1,0,0
EZTRSSC1,59,0,0,1,0,1,1,1,0,1,0,0,0
72MKZSC1,60,0,0,1,0,1,0,0,1,0,1,0,1
NZSDSTC1,59,0,1,0,0,1,0,1,0,1,1,0,0
S51FRUC1,59,0,1,0,1,0,1,1,0,0,1,0,0
EQFFWWC1,59,0,0,1,1,0,0,2,0,0,1,0,0
A3CLUXC1,59,0,0,1,1,0,0,1,1,0,1,0,0
VSLU6YC1,59,0,0,1,1,0,2,0,0,0,1,0,0
1S437YC1,59,0,1,0,0,1,0,0,1,1,1,0,0
TPKIUYC1,59,0,0,1,0,1,0,1,0,1,1,0,0
VWJXJZC1,59,0,1,0,1,0,0,0,0,0,3,0,0
K3ZGX2D1,59,0,1,0,0,1,0,1,1,0,1,0,0
XMGX23D1,59,0,1,0,0,1,0,0,0,1,2,0,0
QL7FT4D1,59,1,0,0,1,0,0,0,2,1,0,0,0
7BYTV4D1,66,0,1,1,1,0,1,2,0,0,0,0,0
ST1KZ4D1,59,0,0,1,1,0,0,1,0,1,1,0,0
8VLJR5D1,60,0,0,1,1,0,0,0,1,1,0,0,1
KD2MP6D1,59,1,0,0,1,0,1,0,0,1,1,0,0
EF9947D1,59,1,0,0,0,1,1,0,0,0,2,0,0
WJEGA7D1,60,1,0,0,0,1,0,0,0,2,0,0,1
I7VNG7D1,59,0,1,0,0,1,0,0,1,1,1,0,0
QK5MDAD1,59,0,0,1,1,0,0,0,1,1,1,0,0
2PB8TBD1,59,0,1,0,0,1,0,0,2,1,0,0,0
G5ZSACD1,59,1,0,0,0,1,1,1,0,1,0,0,0
F6LNGCD1,59,0,0,1,0,1,2,0,0,1,0,0,0
YI4JUCD1,59,0,0,1,1,0,0,1,1,1,0,0,0
MUNQ8ED1,59,0,1,0,0,1,1,1,1,0,0,0,0
DZEAXFD1,60,0,1,0,0,1,0,0,1,1,0,0,1
CJU38HD1,59,1,0,0,0,1,0,0,0,2,1,0,0
9VYZXHD1,59,0,1,0,0,1,0,0,1,1,1,0,0
8SQ3OID1,59,1,0,0,0,1,1,0,0,1,1,0,0
G5TW6JD1,59,1,0,0,0,1,1,0,0,1,1,0,0
Z43E5KD1,60,0,0,1,0,1,0,0,0,1,1,0,1
ZX4N6LD1,59,0,1,0,0,1,0,1,1,1,0,0,0
AYDXNMD1,59,1,0,0,0,1,1,1,0,1,0,0,0
GFJWQMD1,59,0,0,1,0,1,1,1,1,0,0,0,0
MXMFPOD1,59,0,0,1,1,0,1,0,1,1,0,0,0
RGFBXPD1,59,0,0,1,1,0,0,0,1,2,0,0,0
CMIY1QD1,59,0,0,1,1,0,0,0,0,2,1,0,0
GOJS9QD1,59,0,0,1,0,1,1,0,0,1,1,0,0
B8ZZYQD1,60,0,0,1,0,1,0,0,0,1,1,0,1
YXSQ1SD1,59,0,1,0,1,0,0,1,1,1,0,0,0
NX48ATD1,83,1,0,1,1,0,0,0,2,0,0,0,2
JA5XDXD1,59,0,0,1,1,0,1,0,1,1,0,0,0
Y1E6XXD1,59,0,0,1,0,1,0,1,0,0,2,0,0
XPM41YD1,59,0,1,0,1,0,0,1,1,1,0,0,0
3AD1ZZD1,59,0,0,1,0,1,0,0,2,0,1,0,0
FE3JG2E1,59,0,0,1,1,0,0,1,0,1,1,0,0
MP1Q53E1,59,0,0,1,0,1,1,0,1,0,1,0,0
KFLZC3E1,59,0,1,0,0,1,1,0,0,0,2,0,0
OJ4EQ5E1,60,0,0,1,1,0,0,0,1,1,0,0,1
9V8LC6E1,60,0,0,1,0,1,1,0,0,1,0,0,1
T78497E1,60,1,0,0,1,0,0,0,1,0,1,0,1
AW8PB8E1,59,0,0,1,0,1,0,0,0,1,2,0,0
HXRLI9E1,59,0,0,1,0,1,1,0,0,2,0,0,0
T69GNCE1,59,1,0,0,1,0,0,0,0,1,2,0,0
8WINRGE1,60,1,0,0,1,0,0,0,2,0,0,0,1
HMN9KHE1,59,0,0,1,0,1,1,0,0,1,1,0,0
TQPHHIE1,59,1,0,0,1,0,0,1,0,2,0,0,0
5ZF6PIE1,59,0,0,1,0,1,1,0,1,0,1,0,0
SEFIIKE1,59,0,1,0,1,0,1,1,0,1,0,0,0
7213KLE1,59,1,0,0,1,0,0,0,2,0,1,0,0
M8F3PLE1,74,1,0,1,1,1,0,1,0,0,1,0,1
6H9ISME1,59,0,1,0,1,0,1,0,0,1,1,0,0
CNOPVOE1,66,0,1,1,1,0,1,1,0,0,1,0,0
RFRMUQE1,66,0,0,1,1,1,0,2,1,0,0,0,0
LKIJWRE1,59,0,0,1,0,1,1,0,0,1,1,0,0
KSUK4SE1,59,1,0,0,1,0,1,0,1,0,1,0,0
GUJA9SE1,59,1,0,0,0,1,1,1,0,0,1,0,0
SLRZBSE1,59,0,1,0,0,1,2,0,0,1,0,0,0
T75U9WE1,59,1,0,0,1,0,0,0,1,1,1,0,0
S3MB1YE1,59,1,0,0,0,1,2,0,1,0,0,0,0
O9DEGYE1,59,1,0,0,1,0,0,1,2,0,0,0,0
1L75OYE1,59,0,1,0,1,0,1,0,0,1,1,0,0
75Q1EZE1,59,0,1,0,0,1,1,0,1,1,0,0,0
FX9LZZE1,59,0,0,1,1,0,2,1,0,0,0,0,0
WUYA83F1,59,1,0,0,0,1,0,2,0,0,1,0,0
PLWIA4F1,59,1,0,0,1,0,1,2,0,0,0,0,0
2ZC5R4F1,59,0,0,1,0,1,0,0,0,1,2,0,0
ZC5ER4F1,59,0,1,0,0,1,0,1,1,0,1,0,0
IXBDI5F1,59,0,1,0,0,1,1,0,2,0,0,0,0
G9WQK6F1,59,1,0,0,0,1,0,0,1,2,0,0,0
QMWZ67F1,59,0,1,0,0,1,1,0,1,1,0,0,0
M6RLK8F1,60,0,1,0,0,1,1,0,1,0,0,0,1
UB8F7AF1,59,0,0,1,1,0,1,0,1,0,1,0,0
MN3EHAF1,59,0,1,0,0,1,1,0,0,1,1,0,0
5R2DACF1,59,0,0,1,1,0,1,1,1,0,0,0,0
VMOJACF1,60,0,0,1,1,0,0,1,0,1,0,0,1
9KS6NCF1,59,0,1,0,1,0,0,2,1,0,0,0,0
OYIZTCF1,60,0,0,1,0,1,0,0,1,0,1,0,1
KMM5DDF1,59,0,0,1,1,0,1,0,0,2,0,0,0
RBZB3EF1,60,0,1,0,0,1,0,0,2,0,0,0,1
6EIC3EF1,59,1,0,0,0,1,1,0,1,0,1,0,0
YUULYEF1,60,0,0,1,1,0,0,1,0,1,0,0,1
JUTAOFF1,59,0,0,1,1,0,0,1,2,0,0,0,0
K88ZDGF1,59,1,0,0,1,0,2,0,0,0,1,0,0
WTX34HF1,67,0,1,1,1,0,1,0,1,0,0,0,1
UDDF7JF1,59,0,0,1,1,0,1,0,1,1,0,0,0
1DD48KF1,59,0,1,0,1,0,1,0,0,1,1,0,0
ABEF3MF1,59,1,0,0,0,1,0,1,1,0,1,0,0
621YFMF1,59,1,0,0,0,1,0,0,0,1,2,0,0
2N1A4NF1,59,0,0,1,0,1,1,0,1,0,1,0,0
CTYGBNF1,59,1,0,0,0,1,0,0,0,1,2,0,0
GZWTHOF1,59,0,0,1,0,1,0,0,0,2,1,0,0
FHRZWOF1,59,1,0,0,0,1,0,1,1,1,0,0,0
YAX3FPF1,59,1,0,0,1,0,0,0,1,0,2,0,0
Z2X5KQF1,66,0,0,1,1,1,0,0,2,1,0,0,0
YDBUIRF1,59,0,1,0,1,0,0,0,0,2,1,0,0
YLRONRF1,59,1,0,0,0,1,1,0,1,1,0,0,0
XPCGORF1,59,0,0,1,0,1,0,1,1,1,0,0,0
GNNVFSF1,60,1,0,0,1,0,0,0,1,0,1,0,1
JGO2JVF1,60,0,1,0,1,0,0,0,1,1,0,0,1
WLS6UVF1,59,0,1,0,1,0,0,1,1,1,0,0,0
JH2A1WF1,59,1,0,0,1,0,0,1,0,2,0,0,0
ODAC1WF1,59,1,0,0,0,1,0,0,0,1,2,0,0
RFTURWF1,59,1,0,0,1,0,0,1,1,1,0,0,0
38P2CYF1,60,0,1,0,1,0,0,0,1,1,0,0,1
YHLNJYF1,59,0,0,1,0,1,1,0,1,1,0,0,0
J4RV3ZF1,59,0,1,0,0,1,1,0,1,0,1,0,0
3I4X11G1,59,0,1,0,1,0,0,1,0,0,2,0,0
LDL8V1G1,59,0,0,1,1,0,0,0,1,0,2,0,0
4MGTD3G1,59,1,0,0,1,0,0,0,0,2,1,0,0
WB3UH4G1,59,0,1,0,1,0,1,1,0,1,0,0,0
YYHDK4G1,59,0,0,1,0,1,0,1,1,1,0,0,0
1MUD75G1,59,1,0,0,1,0,1,0,1,0,1,0,0
TH89L5G1,59,1,0,0,0,1,0,1,0,1,1,0,0
IMR9U5G1,59,0,0,1,1,0,1,0,0,1,1,0,0
JY77A6G1,60,0,0,1,0,1,0,0,0,1,1,0,1
66U9D6G1,60,1,0,0,1,0,0,1,0,0,1,0,1
E3THI6G1,59,0,0,1,1,0,1,0,0,1,1,0,0
AABT97G1,59,0,1,0,0,1,1,0,0,0,2,0,0
MSV2O7G1,59,1,0,0,1,0,1,1,1,0,0,0,0
BGCUKAG1,59,0,0,1,1,0,1,0,1,0,1,0,0
MGEXLAG1,59,0,0,1,1,0,1,0,1,1,0,0,0
GYDZLAG1,59,0,1,0,1,0,0,0,0,2,1,0,0
AQBAOAG1,59,0,0,1,1,0,1,0,0,2,0,0,0
WL6GOBG1,59,0,1,0,1,0,1,0,1,0,1,0,0
W4H8FCG1,59,1,0,0,0,1,0,0,0,2,1,0,0
GCWQJDG1,60,0,1,0,1,0,1,0,0,0,1,0,1
ERJ6LEG1,60,0,1,0,0,1,0,0,2,0,0,0,1
JZXUAFG1,60,0,1,0,1,0,1,1,0,0,0,0,1
78WGAGG1,59,0,1,0,0,1,0,3,0,0,0,0,0
IDYT3KG1,60,1,0,0,1,0,0,0,0,1,1,0,1
DCAXCNG1,59,0,1,0,1,0,0,0,1,1,1,0,0
2KFWSNG1,59,1,0,0,0,1,0,1,0,2,0,0,0
TBZJFOG1,59,1,0,0,0,1,0,1,2,0,0,0,0
3JLI5RG1,59,0,1,0,1,0,1,1,0,1,0,0,0
LUEZ3TG1,59,1,0,0,0,1,0,0,0,1,2,0,0
AK1WNUG1,60,0,1,0,0,1,0,1,1,0,0,0,1
Q5T43VG1,59,1,0,0,1,0,1,0,2,0,0,0,0
B93SIWG1,74,0,0,1,1,0,1,1,1,1,0,0,0
E5HEYWG1,66,1,1,0,0,1,0,0,0,1,2,0,0
AM8P6XG1,59,0,0,1,0,1,0,0,2,0,1,0,0
FL4TFXG1,59,1,0,0,1,0,0,0,2,1,0,0,0
MRWN6YG1,59,0,0,1,1,0,0,1,0,1,1,0,0
THUGAYG1,59,0,1,0,1,0,0,2,1,0,0,0,0
XB1DVYG1,59,0,0,1,0,1,0,0,3,0,0,0,0
5B29FZG1,59,0,0,1,1,0,1,1,0,1,0,0,0
V6FF21H1,59,0,0,1,0,1,1,1,0,1,0,0,0
R89GY2H1,59,0,1,0,1,0,0,0,1,1,1,0,0
4OSFB4H1,59,1,0,0,1,0,1,0,2,0,0,0,0
TCCB75H1,59,0,1,0,0,1,0,1,1,0,1,0,0
4B3VI5H1,59,0,1,0,0,1,0,0,2,0,1,0,0
4RESY5H1,59,1,0,0,0,1,1,0,1,1,0,0,0
JEN5E8H1,59,0,1,0,1,0,1,0,0,2,0,0,0
GT2539H1,59,1,1,0,1,1,0,0,0,1,0,0,1
LKVEP9H1,59,0,1,0,1,0,1,1,0,1,0,0,0
5HP6HAH1,59,0,0,1,0,1,0,2,0,0,1,0,0
U2X3MEH1,60,0,1,0,0,1,1,0,1,0,0,0,1
O3OYVEH1,59,0,1,0,0,1,0,1,2,0,0,0,0
SE1D7FH1,59,1,0,0,0,1,1,1,0,1,0,0,0
K7R8DFH1,59,1,0,0,0,1,0,0,1,1,1,0,0
L8NGJFH1,61,1,0,0,1,0,1,0,0,0,0,0,2
I9EMXFH1,59,0,0,1,0,1,0,2,1,0,0,0,0
9I2UJIH1,59,1,0,0,1,0,1,0,2,0,0,0,0
4IYKRIH1,66,1,0,1,1,0,1,1,0,1,0,0,0
OH2OSIH1,59,0,1,0,1,0,0,1,2,0,0,0,0
GKMHCJH1,60,0,1,0,1,0,0,0,1,1,0,0,1
6MVI4KH1,60,0,1,0,0,1,0,0,1,0,1,0,1
UWNZ4LH1,59,1,0,0,0,1,0,0,0,1,2,0,0
PX1E3MH1,60,0,0,1,0,1,2,0,0,0,0,0,1
391NIMH1,59,1,0,0,0,1,0,0,2,0,1,0,0
WPVG5NH1,60,1,0,0,1,0,0,0,1,1,0,0,1
MMRF7NH1,59,1,0,0,1,0,0,0,2,0,1,0,0
R9527OH1,60,0,0,1,1,0,0,0,0,1,1,0,1
GK9CTOH1,59,0,1,0,1,0,1,0,1,0,1,0,0
FXZQAQH1,60,0,1,0,0,1,0,0,0,0,2,0,1
VOGMKTH1,59,0,1,0,0,1,0,1,2,0,0,0,0
SKOOIVH1,59,0,1,0,0,1,1,1,1,0,0,0,0
OC41UVH1,59,0,0,1,1,0,1,0,0,2,0,0,0
J3BQYVH1,59,0,0,1,0,1,0,0,2,0,1,0,0
F9RV7WH1,59,0,1,0,1,0,1,0,0,2,0,0,0
DZIFXWH1,59,1,0,0,0,1,1,1,1,0,0,0,0
MBTSLXH1,60,0,0,1,1,0,2,0,0,0,0,0,1
W8G4DYH1,60,0,1,0,1,0,1,0,0,0,1,0,1
V4DFF1I1,60,1,0,0,0,1,0,1,0,1,0,0,1
QUI623I1,59,1,0,0,1,0,1,0,0,1,1,0,0
98VUF4I1,59,1,0,0,1,0,0,0,0,2,1,0,0
QZ1DI4I1,67,1,0,0,1,1,0,0,1,0,1,0,1
M7OMF5I1,60,0,1,0,1,0,0,1,0,0,1,0,1
2J71P5I1,59,0,1,0,0,1,0,1,0,0,2,0,0
QD8A56I1,60,1,0,0,1,0,0,0,2,0,0,0,1
NHDFN7I1,60,0,0,1,0,1,0,0,0,1,1,0,1
64PVJ8I1,66,1,1,0,1,0,0,1,1,1,0,0,0
AM5379I1,59,0,1,0,0,1,1,0,2,0,0,0,0
OUTRH9I1,59,0,0,1,0,1,1,0,0,0,2,0,0
Z987Y9I1,59,1,0,0,1,0,0,0,2,1,0,0,0
DGKX7AI1,59,1,0,0,0,1,0,0,1,0,2,0,0
5OT81BI1,59,0,1,0,1,0,0,1,1,1,0,0,0
GDB3CBI1,66,1,1,0,0,1,0,0,2,0,1,0,0
2V31FBI1,59,0,0,1,1,0,0,0,2,0,1,0,0
J8S5MBI1,59,1,0,0,1,0,1,1,0,1,0,0,0
J2EYRDI1,59,0,0,1,0,1,0,0,0,1,2,0,0
23316EI1,59,0,0,1,1,0,0,0,0,2,1,0,0
G1VE6FI1,60,0,0,1,0,1,0,1,0,1,0,0,1
W6SWNHI1,60,1,0,0,0,1,1,0,0,0,1,0,1
A33LKII1,59,0,0,1,0,1,0,0,0,1,2,0,0
8YJ7MJI1,59,1,0,0,0,1,0,1,0,0,2,0,0
1H18WJI1,66,0,1,1,0,1,0,1,1,0,1,0,0
EV2OBKI1,59,1,0,0,0,1,0,1,1,1,0,0,0
N391LLI1,59,0,0,1,1,0,1,1,0,0,1,0,0
I2OLMLI1,60,0,0,1,0,1,1,1,0,0,0,0,1
17YXNMI1,59,1,0,0,1,0,0,1,0,1,1,0,0
V8QG1NI1,60,1,0,0,0,1,1,0,0,1,0,0,1
M59FAOI1,60,0,1,0,1,0,0,0,0,2,0,0,1
K53VJPI1,60,0,0,1,1,0,0,0,0,1,1,0,1
VDUGCQI1,60,0,1,0,0,1,1,0,0,1,0,0,1
QQKYXQI1,59,0,0,1,1,0,0,2,0,0,1,0,0
TD5WUSI1,60,0,1,0,0,1,0,0,2,0,0,0,1
QADUZSI1,74,1,0,0,1,0,0,0,2,2,0,0,0
WR6F7TI1,66,1,1,0,0,1,0,0,2,1,0,0,0
UNEUXTI1,59,0,1,0,0,1,1,1,0,1,0,0,0
X6MAKVI1,59,1,0,0,0,1,1,0,0,2,0,0,0
7N4LTVI1,74,0,0,1,1,0,1,0,1,1,1,0,0
EV1DKWI1,59,0,0,1,1,0,1,0,2,0,0,0,0
X4JPSWI1,59,0,1,0,0,1,0,0,2,0,1,0,0
IGYUVWI1,59,1,0,0,1,0,1,1,1,0,0,0,0
ZEPECXI1,59,0,1,0,0,1,2,1,0,0,0,0,0
XMNHMZI1,60,1,0,0,1,0,1,0,0,1,0,0,1
SM7XC3J1,60,1,0,0,0,1,0,0,0,1,1,0,1
CABPR3J1,59,1,0,1,1,1,0,0,0,0,1,0,1
5JKJ24J1,59,1,0,0,1,0,0,1,0,1,1,0,0
A6EZF4J1,59,0,1,0,0,1,0,0,1,1,1,0,0
8Z5O35J1,59,1,0,0,0,1,0,0,2,0,1,0,0
6LSAS6J1,59,0,1,0,0,1,0,0,2,0,1,0,0
V565F8J1,74,1,0,0,0,1,2,0,1,1,0,0,0
UWYHS8J1,59,0,0,1,1,0,0,1,0,1,1,0,0
589XH9J1,59,1,0,0,1,0,0,2,0,0,1,0,0
2NHRTAJ1,60,1,0,0,0,1,2,0,0,0,0,0,1
5RXJ4DJ1,59,1,0,0,0,1,0,2,0,1,0,0,0
4EV5BDJ1,59,0,1,0,0,1,1,1,1,0,0,0,0
IBF21IJ1,74,1,0,0,0,1,1,1,2,0,0,0,0
CK54LIJ1,59,1,0,0,0,1,1,1,0,0,1,0,0
TR1LLIJ1,59,0,0,1,1,0,0,0,1,0,2,0,0
PCMKNIJ1,59,1,0,0,1,0,0,0,1,1,1,0,0
SM2FXIJ1,60,0,1,0,0,1,0,0,0,1,1,0,1
C4M2PJJ1,59,0,1,0,1,0,0,1,2,0,0,0,0
ALTB2LJ1,59,0,0,1,0,1,1,0,0,1,1,0,0
T3D2HLJ1,67,1,0,1,1,0,0,0,0,0,2,0,1
RQBLUNJ1,59,0,0,1,1,0,0,0,0,1,2,0,0
K6UFXNJ1,59,1,0,0,0,1,0,0,0,2,1,0,0
574J8OJ1,59,0,1,0,0,1,1,0,0,0,2,0,0
X1FZLPJ1,59,0,1,0,0,1,0,0,2,0,1,0,0
BH7ZAQJ1,59,0,1,0,1,0,0,0,1,2,0,0,0
M7TDGQJ1,59,0,1,0,0,1,0,0,0,2,1,0,0
IXEXSQJ1,59,0,1,0,1,0,1,0,0,1,1,0,0
Y29IYQJ1,60,0,1,0,1,0,0,1,0,1,0,0,1
2P8CYTJ1,59,0,1,0,0,1,0,0,0,1,2,0,0
CAJ1EUJ1,59,0,1,0,0,1,1,0,0,0,2,0,0
HMJMIUJ1,59,0,0,1,0,1,0,2,0,1,0,0,0
Z3BSIUJ1,60,0,1,0,0,1,1,0,0,1,0,0,1
NFX31VJ1,59,0,1,0,1,0,0,1,0,1,1,0,0
MSA8HVJ1,59,0,0,1,1,0,0,0,0,2,1,0,0
RPTBPXJ1,59,1,0,0,1,0,0,0,1,1,1,0,0
YMZNDYJ1,66,1,0,1,1,0,0,0,0,1,2,0,0
XZ3QMZJ1,59,0,1,0,1,0,0,0,1,1,1,0,0
7S21J1K1,59,1,1,1,0,1,0,0,0,0,1,0,1
JTWHJ1K1,59,0,0,1,0,1,0,0,1,2,0,0,0
1PGLO1K1,59,0,1,0,0,1,0,1,1,0,1,0,0
FTNTR1K1,59,0,0,1,0,1,0,0,0,2,1,0,0
5V1MS1K1,59,0,1,0,0,1,2,0,0,0,1,0,0
5EK8KAK1,59,0,0,1,1,0,1,0,0,2,0,0,0
9TF3XBK1,60,0,1,0,1,0,0,0,2,0,0,0,1
HG993DK1,60,0,1,0,1,0,0,0,1,0,1,0,1
PY2O4EK1,59,0,0,1,0,1,0,0,0,1,2,0,0
ROCZ8EK1,59,1,0,0,0,1,1,0,1,0,1,0,0
5NPONEK1,60,0,0,1,0,1,0,1,0,0,1,0,1
3425QFK1,59,0,1,0,1,0,0,0,0,0,3,0,0
AGDOLGK1,59,0,1,0,1,0,0,1,0,2,0,0,0
FYNLLHK1,59,1,0,0,0,1,1,0,1,0,1,0,0
VKH52KK1,59,1,0,0,0,1,0,1,0,1,1,0,0
YQCW9KK1,59,0,0,1,0,1,1,0,0,0,2,0,0
SU2OHKK1,59,1,0,0,0,1,0,1,0,1,1,0,0
AGVX5LK1,59,1,0,0,1,0,1,0,0,0,2,0,0
NOHIALK1,60,1,0,0,0,1,0,1,0,1,0,0,1
FO8KKLK1,59,0,1,0,0,1,0,1,1,0,1,0,0
CILI7MK1,59,0,1,0,1,0,0,2,0,0,1,0,0
W6PIBNK1,59,0,1,0,1,0,1,0,0,1,1,0,0
NOALENK1,59,1,0,0,1,0,0,1,1,0,1,0,0
IWAFUPK1,60,0,0,1,1,0,0,1,0,1,0,0,1
P3KXMRK1,59,0,1,0,1,0,1,0,0,0,2,0,0
L5T12TK1,60,0,0,1,0,1,1,0,0,1,0,0,1
RPYG5TK1,59,0,0,1,1,0,0,0,0,0,3,0,0
S5GYDTK1,59,0,0,1,1,0,1,1,0,0,1,0,0
U9G6IWK1,59,1,0,0,0,1,0,1,1,0,1,0,0
68NFUXK1,59,0,0,1,0,1,1,1,0,0,1,0,0
I7QSSYK1,59,0,1,0,1,0,1,0,1,0,1,0,0
1SVJB1L1,59,1,0,0,0,1,0,1,0,1,1,0,0
F1FT12L1,59,0,1,0,1,0,0,0,2,1,0,0,0
3M63T2L1,59,1,0,0,0,1,0,1,0,0,2,0,0
9SS2I3L1,60,0,0,1,1,0,1,0,0,1,0,0,1
XY4RW3L1,59,0,0,1,1,0,1,0,0,0,2,0,0
QG2676L1,59,0,0,1,0,1,0,1,1,1,0,0,0
PAV9A7L1,59,0,1,0,1,0,0,2,0,1,0,0,0
QNNEQ7L1,59,1,0,0,1,0,0,1,0,1,1,0,0
34W378L1,60,0,0,1,0,1,0,1,1,0,0,0,1
XB19QBL1,59,1,0,0,1,0,1,0,1,0,1,0,0
CSM6FFL1,75,0,0,1,1,0,1,0,0,2,0,0,1
QBWQTFL1,59,0,0,1,1,0,0,0,0,1,2,0,0
PQQ8VGL1,59,0,0,1,0,1,1,0,2,0,0,0,0
A9M5FHL1,59,1,0,0,0,1,0,0,1,2,0,0,0
SX3HXIL1,59,1,0,0,1,0,0,1,1,0,1,0,0
AT1DGLL1,59,1,0,0,1,0,0,2,0,0,1,0,0
LT727NL1,59,0,1,0,1,0,1,1,0,0,1,0,0
DUU28NL1,59,0,1,0,0,1,0,0,0,0,3,0,0
XZ7QKNL1,66,0,1,0,1,1,0,0,1,0,2,0,0
K6WMUNL1,59,0,1,0,0,1,1,1,0,0,1,0,0
G9893QL1,59,1,0,0,0,1,0,2,0,0,1,0,0
CXZ3MQL1,59,0,0,1,1,0,0,0,1,1,1,0,0
AJTPESL1,59,0,1,0,1,0,0,1,2,0,0,0,0
6I2QPSL1,59,0,1,0,0,1,0,1,1,0,1,0,0
95SECTL1,60,0,0,1,0,1,0,0,1,0,1,0,1
K8SWQTL1,67,1,0,1,1,0,1,0,0,1,0,0,1
5RPDGXL1,59,0,0,1,0,1,0,2,0,1,0,0,0
8IVCSXL1,60,1,0,0,1,0,0,0,1,0,1,0,1
ZDURIYL1,59,1,0,0,1,0,0,1,2,0,0,0,0
56M731M1,59,1,0,0,1,0,0,1,0,1,1,0,0
PZOWO1M1,59,1,0,0,1,0,1,0,1,1,0,0,0
I5WLJ2M1,59,0,0,1,0,1,0,0,0,1,2,0,0
DF7KS2M1,59,1,0,0,1,0,0,0,0,1,2,0,0
NTXQA3M1,59,0,0,1,0,1,1,1,0,0,1,0,0
JYWXK3M1,66,1,1,0,1,0,0,1,1,1,0,0,0
9F2ND4M1,59,0,0,1,1,0,0,0,0,2,1,0,0
N1BOH4M1,59,0,0,1,0,1,1,0,2,0,0,0,0
TEWVI5M1,59,1,0,0,1,0,0,0,1,1,1,0,0
6FME66M1,59,1,0,0,0,1,1,1,0,0,1,0,0
KX5748M1,59,0,1,0,1,0,2,0,0,1,0,0,0
CZHB98M1,66,1,0,1,1,0,0,1,2,0,0,0,0
GJ9I49M1,59,0,0,1,1,0,2,0,1,0,0,0,0
CO9HNAM1,59,0,1,0,1,0,1,1,1,0,0,0,0
32B51CM1,59,1,0,0,0,1,0,2,0,0,1,0,0
ZGRDKFM1,59,1,0,0,0,1,0,1,0,2,0,0,0
O3NJLFM1,59,1,0,0,0,1,1,0,0,1,1,0,0
416CRFM1,59,0,1,0,1,0,0,0,0,2,1,0,0
9H6JXHM1,60,0,0,1,0,1,2,0,0,0,0,0,1
W9GDRIM1,60,0,1,0,0,1,0,0,2,0,0,0,1
GEUBHJM1,59,0,1,0,0,1,0,1,2,0,0,0,0
6STNHJM1,59,0,0,1,0,1,0,0,0,2,1,0,0
FLR8XJM1,75,0,0,1,0,1,0,1,0,1,1,0,1
RYM4FKM1,59,0,1,0,0,1,0,0,2,0,1,0,0
7RA25LM1,60,0,0,1,1,0,0,0,0,1,1,0,1
JIHHBLM1,60,1,0,0,0,1,0,0,0,1,1,0,1
VWPBTMM1,60,0,1,0,0,1,0,0,1,1,0,0,1
VWXE2NM1,59,1,0,0,0,1,1,0,1,0,1,0,0
FP47XNM1,59,0,0,1,0,1,0,0,1,0,2,0,0
V3N6JOM1,59,0,1,0,1,0,2,0,0,0,1,0,0
URVBFPM1,59,0,1,0,1,0,0,1,0,1,1,0,0
58I4PQM1,60,0,1,0,0,1,0,0,1,1,0,0,1
OGLIETM1,67,1,0,1,0,1,0,0,2,0,0,0,1
O4YKGTM1,59,0,0,1,0,1,1,1,0,1,0,0,0
DCHJSUM1,60,0,0,1,0,1,0,0,0,2,0,0,1
XB84UUM1,60,0,1,0,1,0,0,0,0,1,1,0,1
DO83DVM1,59,1,0,0,1,0,1,0,0,0,2,0,0
YSRZIVM1,59,0,1,0,1,0,0,2,1,0,0,0,0
OY924WM1,59,0,1,0,0,1,1,0,0,1,1,0,0
D9QEJWM1,59,0,0,1,1,0,0,0,1,1,1,0,0
LL7ZDXM1,59,0,1,0,0,1,1,0,0,1,1,0,0
HSQPOXM1,59,1,0,0,0,1,1,1,0,1,0,0,0
5Y4CUYM1,60,0,0,1,0,1,0,0,1,0,1,0,1
4IAL11N1,60,0,1,0,1,0,0,0,0,1,1,0,1
ZDXB93N1,59,0,1,0,1,0,0,1,0,1,1,0,0
AB49M4N1,59,1,0,0,0,1,0,1,0,1,1,0,0
VOLT25N1,59,0,1,0,0,1,1,0,1,0,1,0,0
USPUJ5N1,59,0,1,0,0,1,0,0,1,0,2,0,0
AK5NT5N1,59,1,0,0,1,0,2,0,0,0,1,0,0
B69N36N1,59,1,0,0,1,0,0,2,0,0,1,0,0
X2O3O6N1,61,1,0,0,0,1,0,0,1,0,1,1,0
B3R3A7N1,74,1,0,0,1,0,1,0,1,1,1,0,0
5KPTI8N1,59,0,1,0,1,0,0,0,1,1,1,0,0
QDVDT8N1,59,1,0,0,0,1,0,1,1,0,1,0,0
87QX59N1,60,0,1,0,0,1,0,0,1,1,0,0,1
6AZ7O9N1,59,0,1,0,0,1,1,1,1,0,0,0,0
4RWFWBN1,59,0,1,0,0,1,1,1,0,1,0,0,0
687MUCN1,60,0,1,0,0,1,0,0,1,0,1,0,1
TWGFAEN1,59,0,1,0,1,0,1,0,0,1,1,0,0
G3JHLEN1,60,1,0,0,1,0,1,0,0,1,0,0,1
FJZHVEN1,59,0,0,1,1,0,0,1,2,0,0,0,0
VKTVOFN1,59,0,0,1,0,1,1,0,0,2,0,0,0
CLDLXGN1,59,0,0,1,1,0,1,1,0,0,1,0,0
68K36HN1,59,0,1,0,0,1,1,1,0,0,1,0,0
NP2MCKN1,59,0,1,0,0,1,2,0,1,0,0,0,0
PPGHBLN1,59,1,0,0,0,1,1,2,0,0,0,0,0
JDL9ULN1,59,1,0,0,0,1,0,0,2,0,1,0,0
H4RRUNN1,59,0,0,1,1,0,0,0,2,1,0,0,0
45K6YON1,74,1,0,0,0,1,1,0,0,1,2,0,0
2Q67EQN1,59,0,1,0,0,1,0,1,0,1,1,0,0
DDYDZSN1,59,0,1,0,0,1,1,0,0,1,1,0,0
OOLDDWN1,60,1,0,0,1,0,0,0,1,0,1,0,1
QT1DZWN1,59,0,1,0,1,0,2,0,0,1,0,0,0
J5B3PYN1,59,1,0,0,1,0,0,0,1,1,1,0,0
PZIP7ZN1,59,0,1,0,0,1,1,1,0,1,0,0,0
FLLFQZN1,60,1,0,0,0,1,0,1,0,0,1,0,1
QAZCRZN1,60,1,0,0,0,1,0,0,1,0,1,0,1
MGHRL1O1,59,0,1,0,0,1,0,0,0,0,3,0,0
G3VD12O1,60,0,1,0,0,1,1,0,0,0,1,0,1
XUIUQ4O1,59,0,0,1,1,0,2,1,0,0,0,0,0
LODSH5O1,59,1,0,0,1,0,1,0,0,1,1,0,0
3MDK27O1,59,0,0,1,0,1,0,1,0,1,1,0,0
