Seed,Score,T2,T3,T4,T5,T6,O2,O3,O4,O5,O6,N123,N456,TAO2,TAO3,TAO4,TAO5,TAO6,TAOT,NT,TT
CJPRO8ME,82,0,0,1,1,0,0,0,1,0,2,1,0,0,0,0,0,1,1,1,2
X234KSBE,67,0,1,0,1,0,1,0,0,1,0,1,0,0,0,0,1,0,1,1,2
VY2J8HFE,67,1,0,0,1,0,0,0,0,0,2,1,0,0,0,0,0,1,1,1,2
LQ5U3ILE,67,0,1,0,0,1,0,0,1,0,1,1,0,0,0,0,0,1,1,1,2
VRZ56TRE,67,0,0,1,0,1,0,0,2,0,0,1,0,0,0,0,0,0,0,1,1
J28JDMTE,67,0,1,0,0,1,0,1,1,0,0,1,0,0,0,0,0,0,0,1,1
IIEMF2CE,82,0,1,0,1,0,0,1,0,0,1,0,2,0,0,0,0,0,0,2,2
6ZQN439E,67,1,0,0,0,1,0,0,1,0,0,0,2,0,0,0,0,0,0,2,2
D6N6SRGE,67,0,0,1,1,0,0,0,0,0,1,0,2,0,0,0,0,0,0,2,2
X6T98UIE,67,0,1,0,1,0,0,0,1,0,0,0,2,0,0,0,0,0,0,2,2
PZ7IT4JE,67,0,0,1,1,0,0,0,1,0,0,0,2,0,0,0,0,0,0,2,2
I6F1WCME,67,0,1,0,1,0,1,0,0,0,0,0,2,0,0,0,0,0,0,2,2
SWDE66SE,67,1,0,0,0,1,0,0,0,1,0,0,2,0,0,1,0,0,1,2,3
6XUNQ5YE,67,0,0,1,0,1,1,0,0,0,0,0,2,0,1,1,0,0,2,2,4
AOS132EE,66,1,0,0,1,0,1,0,0,1,0,0,1,1,1,1,1,0,4,1,5
O1NDL79E,66,1,0,0,1,0,1,0,0,1,0,0,1,1,1,1,1,0,4,1,5
IZAKTXHE,66,1,0,0,1,0,1,0,0,1,0,0,1,1,1,0,1,0,3,1,4
IUZN8FKE,66,1,0,0,1,0,1,0,0,1,0,0,1,1,0,1,1,0,3,1,4
ME29HMLE,66,1,0,0,0,1,0,0,0,0,2,0,1,0,1,0,0,1,2,1,3
CNU31RLE,71,1,1,1,0,1,1,0,0,0,0,0,1,1,0,1,0,0,2,1,3
C39JBVTE,76,1,0,1,1,0,0,0,1,1,0,0,1,0,1,0,1,0,2,1,3
N4H2LGXE,76,1,0,1,0,1,1,0,1,0,0,0,1,1,0,0,0,0,1,1,2
9KA5GXHE,66,0,1,0,1,0,1,0,0,1,0,0,1,0,0,1,1,0,2,1,3
BPG145CE,66,0,1,0,0,1,1,0,0,0,1,0,1,0,1,0,0,1,2,1,3
ENI17IME,81,1,0,0,1,0,2,0,1,0,0,0,1,1,0,0,0,0,1,1,2
S1IZWYDE,66,0,1,0,0,1,0,0,0,1,1,0,1,0,0,1,0,1,2,1,3
HHJGPEJE,66,0,0,1,1,0,1,0,0,1,0,0,1,0,1,0,1,0,2,1,3
LDEE8KVE,66,1,0,0,1,0,1,0,0,1,0,0,1,1,0,0,1,0,2,1,3
C2PO2OCE,76,0,0,1,1,1,0,0,0,1,1,0,1,0,0,1,1,1,3,1,4
BYC2JTGE,71,0,1,1,1,1,0,0,0,0,1,0,1,0,1,0,0,1,2,1,3
NACLBJEE,66,0,0,1,1,0,2,0,0,0,0,0,1,1,0,0,0,0,1,1,2
D5UKCAKE,66,0,1,0,1,0,0,1,0,1,0,0,1,0,0,1,1,0,2,1,3
E4RDRLKE,71,0,1,1,1,1,0,0,0,0,1,0,1,0,1,0,0,1,2,1,3
GJ1T539E,66,1,0,0,1,0,1,0,0,1,0,0,1,1,0,0,1,0,2,1,3
WDMGFOLE,66,0,0,1,0,1,0,0,0,1,1,0,1,0,0,1,0,1,2,1,3
HTE752QE,66,0,1,0,1,0,0,0,0,2,0,0,1,0,1,0,1,0,2,1,3
RNLKP2QE,66,1,0,0,0,1,1,0,0,0,1,0,1,1,0,0,0,1,2,1,3
G8XA7XTE,81,0,0,1,1,0,0,0,1,0,2,0,1,0,0,1,0,1,2,1,3
YA14S6BE,76,0,1,1,0,1,0,0,0,1,1,0,1,0,1,0,0,1,2,1,3
EFQBC7PE,76,1,0,0,1,1,1,0,0,0,1,0,1,1,0,0,0,1,2,1,3
PDPPQ2WE,76,1,0,0,1,1,0,0,0,1,1,0,1,0,0,0,1,1,2,1,3
3YV2K7WE,76,1,0,1,0,1,0,0,1,0,1,0,1,0,0,1,0,1,2,1,3
NS7FFLXE,76,0,1,1,0,1,0,0,1,0,1,0,1,0,1,0,0,1,2,1,3
5NLVDXXE,76,1,1,0,0,1,1,0,0,0,1,0,1,1,0,0,0,1,2,1,3
GXEWH49E,66,0,0,1,0,1,0,0,0,0,2,0,1,0,0,1,0,1,2,1,3
HQCCMBAE,66,1,0,0,0,1,0,0,1,0,1,0,1,0,1,0,0,1,2,1,3
X2Z7NDAE,66,1,0,0,0,1,1,0,0,0,1,0,1,1,0,0,0,1,2,1,3
6GX2KUAE,66,0,1,0,1,0,0,0,0,0,2,0,1,0,0,1,0,1,2,1,3
GVV22RBE,66,0,0,1,0,1,1,0,0,0,1,0,1,0,1,0,0,1,2,1,3
WD6VBRBE,66,1,0,0,1,0,1,0,0,1,0,0,1,1,0,0,1,0,2,1,3
31LAJEEE,66,0,1,0,1,0,1,0,0,1,0,0,1,0,0,0,1,0,1,1,2
TFE9CJIE,66,0,0,1,1,0,0,0,1,1,0,0,1,0,0,0,1,0,1,1,2
ROF5AUNE,66,1,0,0,0,1,0,0,0,1,1,0,1,0,0,1,0,1,2,1,3
BYT9XBPE,66,0,1,0,0,1,0,0,0,1,1,0,1,0,1,0,0,1,2,1,3
C3UIGJPE,66,1,0,0,0,1,1,0,0,0,1,0,1,1,0,0,0,1,2,1,3
H3GCQ28E,81,0,1,0,1,0,0,1,0,0,2,0,1,0,0,1,0,1,2,1,3
VV3G7YRE,81,0,1,0,0,1,1,0,1,0,1,0,1,0,1,1,0,1,3,1,4
GMY5L1XE,81,1,0,0,1,0,1,1,0,0,1,0,1,1,1,0,0,0,2,1,3
9CAF1AAE,71,1,0,1,1,1,1,0,0,0,0,0,1,1,0,1,0,0,2,1,3
ZW6AO1FE,71,1,1,1,0,1,0,0,1,0,0,0,1,0,1,0,0,0,1,1,2
441NZOFE,71,1,0,1,1,1,1,0,0,0,0,0,1,1,0,1,0,0,2,1,3
AFBIM78E,66,0,0,1,0,1,0,0,0,1,1,0,1,0,1,0,0,1,2,1,3
D3N6EJ8E,66,1,0,0,1,0,1,1,0,0,0,0,1,1,0,0,0,0,1,1,2
L95WHFCE,66,1,0,0,0,1,0,0,1,0,1,0,1,0,0,0,0,1,1,1,2
NLMUOJLE,66,0,1,0,0,1,0,0,0,1,1,0,1,0,0,0,0,1,1,1,2
81J816ME,66,0,1,0,0,1,0,1,0,0,1,0,1,0,0,0,0,1,1,1,2
TS837JCE,66,0,0,1,1,0,0,1,0,1,0,0,1,0,0,0,1,0,1,1,2
I4Y39GDE,66,0,0,1,1,0,0,0,0,0,2,0,1,0,0,0,0,1,1,1,2
S6OYQ8EE,66,0,1,0,0,1,0,1,0,0,1,0,1,0,0,0,0,1,1,1,2
LMLO1NGE,66,0,1,0,0,1,0,0,0,1,1,0,1,0,0,0,0,1,1,1,2
QJBB4ORE,81,0,0,1,0,1,0,1,0,0,2,0,1,0,0,1,0,1,2,1,3
BLP6FYRE,81,1,0,0,0,1,0,1,1,1,0,0,1,0,1,0,0,0,1,1,2
C4CNZANE,71,1,1,0,1,1,1,0,0,0,0,0,1,1,0,0,0,0,1,1,2
NY6QOS7E,66,0,1,0,0,1,1,0,0,0,1,0,1,0,0,0,0,1,1,1,2
E26FEYBE,66,1,0,0,1,0,0,0,1,1,0,0,1,0,0,1,1,0,2,1,3
JKU641CE,66,0,1,0,0,1,1,0,0,0,1,0,1,0,1,1,0,1,3,1,4
3MHBNJGE,66,1,0,0,0,1,1,0,0,1,0,0,1,1,1,0,0,0,2,1,3
R8ZWWZGE,66,0,0,1,1,0,2,0,0,0,0,0,1,1,0,0,0,0,1,1,2
R7J4DEIE,66,0,1,0,0,1,0,0,0,0,2,0,1,0,0,0,0,1,1,1,2
FRKD8KPE,66,0,1,0,0,1,0,0,1,0,1,0,1,0,0,0,0,1,1,1,2
XVBJ5URE,66,0,1,0,1,0,0,1,0,1,0,0,1,0,0,0,1,0,1,1,2
HQ9DIDUE,66,0,0,1,1,0,1,0,0,1,0,0,1,0,0,0,1,0,1,1,2
5BNU42WE,66,0,0,1,0,1,0,1,0,0,1,0,1,0,0,0,0,1,1,1,2
5YEUZFXE,66,0,0,1,0,1,0,1,0,0,1,0,1,0,0,0,0,1,1,1,2
JA6WGHDE,66,0,0,1,0,1,0,0,0,0,2,0,1,0,0,1,0,1,2,1,3
JAD25DHE,66,0,1,0,1,0,0,0,1,1,0,0,1,0,1,1,1,0,3,1,4
3KJCAOLE,66,1,0,0,1,0,1,0,1,0,0,0,1,1,1,0,0,0,2,1,3
I439JXLE,91,1,1,0,1,0,1,1,1,0,0,0,1,1,0,0,0,0,1,1,2
R4G1HY7E,81,0,0,1,0,1,0,2,0,0,1,0,1,0,0,1,0,1,2,1,3
HFN1HKZE,76,0,0,1,1,1,0,0,0,2,0,0,1,0,1,0,1,0,2,1,3
X7P5GZ7E,66,1,0,0,1,0,1,0,0,0,1,0,1,1,0,1,0,0,2,1,3
4ZL7DUAE,66,0,0,1,1,0,0,1,0,1,0,0,1,0,1,0,1,0,2,1,3
V2E1V9EE,66,1,0,0,1,0,1,0,1,0,0,0,1,1,0,0,0,0,1,1,2
PJEACLGE,66,0,0,1,1,0,0,0,1,1,0,0,1,0,0,1,1,0,2,1,3
G8XC63HE,66,0,1,0,0,1,1,0,0,0,1,0,1,0,1,0,0,1,2,1,3
G33F3CJE,66,1,0,0,0,1,1,0,1,0,0,0,1,1,0,1,0,0,2,1,3
8J1GKPNE,66,0,0,1,1,0,0,1,0,0,1,0,1,0,1,0,0,0,1,1,2
DCZITQNE,66,0,1,0,1,0,2,0,0,0,0,0,1,1,0,0,0,0,1,1,2
D6MNE6BE,81,0,1,0,0,1,1,0,0,1,1,0,1,0,0,0,0,1,1,1,2
41XLPJTE,76,1,0,1,0,1,0,1,0,0,1,0,1,0,0,0,0,1,1,1,2
DHFMFUAE,66,0,0,1,0,1,1,0,0,0,1,0,1,0,0,0,0,1,1,1,2
CQ73PHCE,66,0,1,0,0,1,0,0,1,0,1,0,1,0,0,0,0,1,1,1,2
U3VIMXFE,66,0,1,0,1,0,0,0,1,1,0,0,1,0,0,0,1,0,1,1,2
CXLZZHGE,66,1,0,0,0,1,0,1,0,0,1,0,1,0,0,0,0,1,1,1,2
A8HSQ9WE,66,0,1,0,1,0,0,1,0,1,0,0,1,0,0,1,1,0,2,1,3
7RX8XQWE,66,0,1,0,1,0,0,0,0,1,1,0,1,0,1,0,1,0,2,1,3
Z27E18SE,86,0,1,1,1,1,2,0,0,0,0,0,1,1,0,0,0,0,1,1,2
B2PQC1XE,76,1,0,1,0,1,0,0,2,0,0,0,1,0,0,0,0,0,0,1,1
41K4BKBE,66,1,0,0,1,0,0,0,1,1,0,0,1,0,0,0,1,0,1,1,2
A68TFUBE,66,0,0,1,1,0,0,0,0,1,1,0,1,0,0,1,1,0,2,1,3
KYPO6RGE,66,0,0,1,1,0,1,0,0,1,0,0,1,0,1,0,1,0,2,1,3
4BJLK5IE,66,0,0,1,0,1,2,0,0,0,0,0,1,1,0,0,0,0,1,1,2
NPBG8KNE,66,0,1,0,0,1,0,0,1,0,1,0,1,0,0,0,0,1,1,1,2
8Q2URNOE,66,0,1,0,0,1,0,1,0,0,1,0,1,0,0,0,0,1,1,1,2
94GNN5PE,66,0,1,0,0,1,0,0,1,0,1,0,1,0,0,0,0,1,1,1,2
X693XCUE,66,0,1,0,0,1,0,0,0,1,1,0,1,0,0,0,0,1,1,1,2
27X8ASWE,66,0,1,0,0,1,0,0,0,1,1,0,1,0,0,0,0,1,1,1,2
LIH752XE,66,0,0,1,1,0,0,1,0,1,0,0,1,0,0,0,1,0,1,1,2
LZYLXXEE,71,1,1,1,0,1,0,0,0,0,1,0,1,0,0,0,0,1,1,1,2
OUPU9ADE,66,0,0,1,0,1,0,0,1,0,1,0,1,0,0,0,0,1,1,1,2
EUMCZAHE,66,0,0,1,0,1,0,0,1,0,1,0,1,0,0,1,0,1,2,1,3
EQQUOCYE,76,1,1,0,0,1,0,0,0,1,1,0,1,0,1,0,0,1,2,1,3
FXHZBCKE,66,1,0,0,1,0,1,1,0,0,0,0,1,1,0,0,0,0,1,1,2
THY9RPSE,66,0,0,1,0,1,1,0,0,0,1,0,1,0,0,0,0,1,1,1,2
1B82JLUE,66,1,0,0,0,1,0,1,0,0,1,0,1,0,0,1,0,1,2,1,3
6ULKV3JE,96,0,1,0,1,0,0,1,1,0,2,0,1,0,1,0,0,1,2,1,3
8EFFWLRE,76,1,0,1,1,0,1,1,0,0,0,0,1,1,0,0,0,0,1,1,2
22KAOPRE,76,0,0,1,1,1,0,1,0,0,1,0,1,0,0,0,0,1,1,1,2
UY1HVW7E,66,0,0,1,1,0,1,0,0,1,0,0,1,0,0,1,1,0,2,1,3
USLZVG8E,66,0,1,0,0,1,0,2,0,0,0,0,1,0,1,0,0,0,1,1,2
3C1PXFDE,66,1,0,0,1,0,1,0,0,0,1,0,1,1,0,0,0,0,1,1,2
MV4TXCEE,66,0,0,1,1,0,1,0,0,1,0,0,1,0,0,0,1,0,1,1,2
G4UGEPFE,66,0,1,0,1,0,0,0,0,0,2,0,1,0,0,0,0,1,1,1,2
R6UHTAHE,66,0,1,0,0,1,0,0,0,2,0,0,1,0,0,1,1,0,2,1,3
I2ES3IIE,66,0,1,0,1,0,0,0,1,1,0,0,1,0,1,0,1,0,2,1,3
A463GFME,66,0,1,0,1,0,2,0,0,0,0,0,1,1,0,0,0,0,1,1,2
N3MFQKPE,66,0,1,0,0,1,0,0,0,1,1,0,1,0,0,0,0,1,1,1,2
5QQ8JMPE,66,0,1,0,1,0,0,1,0,1,0,0,1,0,0,1,1,0,2,1,3
MLZC5BDE,81,0,0,1,0,1,0,0,1,1,1,0,1,0,1,1,0,1,3,1,4
5IBKX6EE,66,1,0,0,1,0,1,0,1,0,0,0,1,1,1,0,0,0,2,1,3
AOXY59JE,66,1,0,0,0,1,2,0,0,0,0,0,1,1,0,0,0,0,1,1,2
PMRTFVXE,66,0,0,1,1,0,0,1,0,1,0,0,1,0,0,1,1,0,2,1,3
EUYXVVXE,66,0,0,1,1,0,0,0,0,0,2,0,1,0,1,0,0,1,2,1,3
3WE32D8E,66,1,0,0,1,0,1,0,0,0,1,0,1,1,0,1,0,0,2,1,3
5TOZ9TGE,66,0,0,1,1,0,0,0,2,0,0,0,1,0,1,0,0,0,1,1,2
SIX158LE,66,1,0,0,1,0,1,0,1,0,0,0,1,1,0,0,0,0,1,1,2
2HRU7NNE,66,1,0,0,0,1,0,0,0,2,0,0,1,0,0,1,1,0,2,1,3
JRFFU5PE,66,0,1,0,0,1,0,1,0,0,1,0,1,0,1,1,0,1,3,1,4
SB4E4NSE,66,1,0,0,1,0,1,1,0,0,0,0,1,1,1,0,0,0,2,1,3
TULZFHWE,66,1,0,0,0,1,1,0,0,1,0,0,1,1,0,0,0,0,1,1,2
OXI66AXE,66,0,1,0,1,0,0,0,1,1,0,0,1,0,0,0,1,0,1,1,2
YOIQZ29E,66,0,1,0,1,0,0,0,0,1,1,0,1,0,0,1,1,0,2,1,3
QWV5RIEE,66,0,1,0,0,1,0,1,0,1,0,0,1,0,1,1,0,0,2,1,3
HQT2PHFE,66,1,0,0,1,0,2,0,0,0,0,0,1,1,1,1,0,0,3,1,4
8ZUOW2UE,76,1,1,0,0,1,1,0,1,0,0,0,1,1,1,1,0,0,3,1,4
GPM4RPAE,66,1,0,0,0,1,1,1,0,0,0,0,1,1,1,1,0,0,3,1,4
46B1U1GE,66,0,0,1,1,0,2,0,0,0,0,0,1,1,1,0,0,0,2,1,3
QCQN8KRE,66,1,0,0,0,1,1,1,0,0,0,0,1,1,0,0,0,0,1,1,2
UCKLX7SE,66,0,1,0,0,1,0,0,0,0,2,0,1,0,0,0,0,1,1,1,2
AKUFZOSE,66,1,0,0,1,0,0,1,0,1,0,0,1,0,0,0,1,0,1,1,2
K7ZCWKUE,66,0,0,1,0,1,0,0,0,1,1,0,1,0,0,0,0,1,1,1,2
3SDOK7WE,66,1,0,0,0,1,0,0,0,1,1,0,1,0,0,0,0,1,1,1,2
7UAIYOWE,66,0,1,0,1,0,0,0,1,1,0,0,1,0,0,0,1,0,1,1,2
1X2MGGXE,66,1,0,0,0,1,0,0,1,0,1,0,1,0,0,0,0,1,1,1,2
3VOLQHXE,66,0,0,1,0,1,0,0,0,1,1,0,1,0,0,0,0,1,1,1,2
QTIA2H9E,91,1,0,0,1,1,0,1,1,1,0,0,1,0,0,0,1,0,1,1,2
WIG7YOCE,91,1,0,1,1,0,0,1,0,0,2,0,1,0,0,0,0,1,1,1,2
2R9EZ5SE,91,1,0,1,1,0,0,1,0,0,2,0,1,0,0,0,0,1,1,1,2
LMWXDPJE,86,0,1,1,1,1,0,1,0,1,0,0,1,0,0,0,1,0,1,1,2
5F1NAIQE,76,0,1,1,0,1,0,1,0,0,1,0,1,0,0,0,0,1,1,1,2
ZUGOZX7E,66,0,1,0,0,1,0,0,0,1,1,0,1,0,0,0,0,1,1,1,2
H8OQE88E,66,1,0,0,1,0,0,1,0,1,0,0,1,0,0,0,1,0,1,1,2
CUMU2A8E,66,0,0,1,1,0,0,0,0,1,1,0,1,0,0,0,1,0,1,1,2
PTZ3AL8E,66,0,1,0,0,1,1,0,0,0,1,0,1,0,0,0,0,1,1,1,2
8JM2AO8E,66,0,1,0,0,1,1,0,0,0,1,0,1,0,0,1,0,1,2,1,3
QT48HY8E,66,0,1,0,1,0,0,0,0,0,2,0,1,0,1,0,0,1,2,1,3
D1KSOMFE,66,1,0,0,1,0,1,1,0,0,0,0,1,1,0,1,0,0,2,1,3
OCHZ8OFE,66,0,0,1,1,0,1,0,0,1,0,0,1,0,1,0,1,0,2,1,3
F97KDQLE,66,1,0,0,0,1,1,0,0,1,0,0,1,1,0,0,0,0,1,1,2
A8LPZ8ME,66,0,1,0,1,0,0,0,0,0,2,0,1,0,0,0,0,1,1,1,2
9OSNKGME,66,1,0,0,1,0,0,0,0,2,0,0,1,0,0,0,1,0,1,1,2
2VZYKSNE,66,0,1,0,1,0,0,0,0,1,1,0,1,0,0,0,1,0,1,1,2
8TR7YXPE,66,0,0,1,1,0,0,0,0,1,1,0,1,0,0,0,1,0,1,1,2
EO6T7KRE,66,0,1,0,0,1,0,0,0,0,2,0,1,0,0,0,0,1,1,1,2
FNYQBESE,66,1,0,0,0,1,0,0,1,0,1,0,1,0,0,1,0,1,2,1,3
AI5112BE,76,0,1,0,1,1,0,1,1,0,0,0,1,0,1,0,0,0,1,1,2
BANL2LBE,76,1,0,0,1,1,1,1,0,0,0,0,1,1,0,0,0,0,1,1,2
IVZHO8CE,76,0,0,1,1,1,1,0,0,0,1,0,1,0,0,0,0,1,1,1,2
JE9FNLCE,76,1,1,0,1,0,0,0,1,1,0,0,1,0,0,0,1,0,1,1,2
EFX9ZJEE,76,0,1,0,1,1,0,0,1,1,0,0,1,0,0,0,1,0,1,1,2
7PB45KGE,76,0,0,1,1,1,0,1,0,0,1,0,1,0,0,0,0,1,1,1,2
NAL52JRE,76,0,1,1,1,0,0,0,1,0,1,0,1,0,0,0,0,0,0,1,1
RJ6BWQ9E,71,1,1,1,1,0,0,0,0,0,1,0,1,0,0,0,0,0,0,1,1
2YQ7XXVE,71,0,1,1,1,1,0,1,0,0,0,0,1,0,0,0,0,0,0,1,1
A34MXY7E,66,0,1,0,1,0,1,0,1,0,0,0,1,0,0,1,0,0,1,1,2
3ESMVG8E,66,0,1,0,1,0,0,0,1,0,1,0,1,0,1,0,0,0,1,1,2
5N6S2P8E,66,1,0,0,1,0,1,1,0,0,0,0,1,1,0,0,0,0,1,1,2
KJK27W8E,66,1,0,0,0,1,0,0,1,0,1,0,1,0,0,0,0,1,1,1,2
B1U7U79E,66,0,1,0,1,0,0,0,1,1,0,0,1,0,0,0,1,0,1,1,2
INZXPC9E,66,1,0,0,0,1,0,0,1,0,1,0,1,0,0,0,0,1,1,1,2
LC5LXF9E,66,0,1,0,1,0,0,0,1,1,0,0,1,0,0,0,1,0,1,1,2
BMOJY6AE,66,0,0,1,0,1,1,0,0,0,1,0,1,0,0,0,0,1,1,1,2
84XBM7AE,66,0,0,1,0,1,0,0,0,1,1,0,1,0,0,0,0,1,1,1,2
LRFBT8AE,66,0,1,0,1,0,0,1,0,1,0,0,1,0,0,0,1,0,1,1,2
QESWFFAE,66,0,0,1,0,1,0,0,1,0,1,0,1,0,0,0,0,1,1,1,2
YC3UMFAE,66,0,0,1,1,0,0,0,1,1,0,0,1,0,0,0,1,0,1,1,2
4RKB9GAE,66,0,0,1,1,0,0,0,1,1,0,0,1,0,0,0,1,0,1,1,2
UM8XVLAE,66,1,0,0,0,1,0,0,2,0,0,0,1,0,0,1,0,0,1,1,2
NVE5QNAE,66,1,0,0,1,0,0,0,1,0,1,0,1,0,1,0,0,0,1,1,2
BGPTMWAE,66,1,0,0,0,1,1,0,1,0,0,0,1,1,0,0,0,0,1,1,2
UXL3F6BE,66,0,1,0,1,0,0,0,1,1,0,0,1,0,0,0,1,0,1,1,2
D5B2K6BE,66,0,1,0,0,1,0,0,0,1,1,0,1,0,0,1,0,1,2,1,3
IVWTLHBE,66,0,0,1,0,1,1,0,0,0,1,0,1,0,1,0,0,1,2,1,3
XOB36JCE,66,1,0,0,1,0,2,0,0,0,0,0,1,1,0,0,0,0,1,1,2
SVXV2PCE,66,1,0,0,1,0,0,0,0,1,1,0,1,0,0,0,1,0,1,1,2
1FCLFTCE,66,0,0,1,0,1,0,0,1,0,1,0,1,0,0,0,0,1,1,1,2
87BQTTCE,66,0,0,1,0,1,0,0,0,1,1,0,1,0,0,0,0,1,1,1,2
H4JTJ5DE,66,0,1,0,0,1,0,0,1,0,1,0,1,0,0,0,0,1,1,1,2
65IFD6DE,66,0,1,0,1,0,0,0,1,1,0,0,1,0,0,0,1,0,1,1,2
JGH17DDE,66,1,0,0,1,0,0,1,1,0,0,0,1,0,0,1,0,0,1,1,2
AEKN5GDE,66,1,0,0,0,1,0,0,1,1,0,0,1,0,1,0,0,0,1,1,2
HPS9WKDE,66,1,0,0,1,0,1,0,0,0,1,0,1,1,0,0,0,0,1,1,2
IPN9XNDE,66,1,0,0,1,0,0,0,0,0,2,0,1,0,0,0,0,1,1,1,2
OFO5EPDE,66,0,1,0,0,1,0,0,0,1,1,0,1,0,0,0,0,1,1,1,2
NN5KPRDE,66,0,0,1,0,1,0,0,1,0,1,0,1,0,0,0,0,1,1,1,2
LN4JKVDE,66,0,0,1,1,0,1,0,0,1,0,0,1,0,0,0,1,0,1,1,2
HOAUN3EE,66,1,0,0,1,0,0,0,2,0,0,0,1,0,0,1,0,0,1,1,2
MBKVQ3EE,66,1,0,0,1,0,0,1,0,0,1,0,1,0,1,0,0,0,1,1,2
WGEFDMEE,66,1,0,0,1,0,1,1,0,0,0,0,1,1,0,0,0,0,1,1,2
NK6YNOEE,66,0,0,1,0,1,0,1,0,0,1,0,1,0,0,0,0,1,1,1,2
3SF3RQEE,66,1,0,0,1,0,0,1,0,0,1,0,1,0,0,1,0,0,1,1,2
6C2AAREE,66,0,0,1,0,1,1,0,0,1,0,0,1,0,1,0,0,0,1,1,2
PMPNRSEE,66,1,0,0,0,1,2,0,0,0,0,0,1,1,0,0,0,0,1,1,2
UBNFLAFE,66,0,1,0,1,0,0,0,0,1,1,0,1,0,0,0,1,0,1,1,2
DU33UEFE,66,1,0,0,1,0,0,1,0,0,1,0,1,0,0,1,0,0,1,1,2
KN2SSJFE,66,0,0,1,0,1,0,0,1,1,0,0,1,0,1,0,0,0,1,1,2
H5INKOFE,66,1,0,0,1,0,1,0,1,0,0,0,1,1,0,0,0,0,1,1,2
5M6W2HGE,66,1,0,0,0,1,0,1,1,0,0,0,1,0,0,1,0,0,1,1,2
1T5MPNGE,66,0,0,1,1,0,1,1,0,0,0,0,1,0,1,0,0,0,1,1,2
1PSBRQGE,66,1,0,0,1,0,1,0,1,0,0,0,1,1,0,1,0,0,2,1,3
P226MTGE,66,0,1,0,0,1,0,2,0,0,0,0,1,0,1,0,0,0,1,1,2
LOL85EHE,66,1,0,0,0,1,1,1,0,0,0,0,1,1,0,0,0,0,1,1,2
1P69XIHE,66,0,0,1,0,1,0,0,1,0,1,0,1,0,0,0,0,1,1,1,2
W8J6ILHE,66,1,0,0,1,0,0,0,0,1,1,0,1,0,0,0,1,0,1,1,2
WGAOHLHE,66,0,1,0,1,0,0,0,1,1,0,0,1,0,0,0,1,0,1,1,2
W4QOWMHE,66,0,1,0,1,0,0,0,0,1,1,0,1,0,0,0,1,0,1,1,2
N5A2U2IE,66,0,1,0,1,0,1,1,0,0,0,0,1,0,0,0,0,0,0,1,1
1L8RC5IE,66,0,0,1,0,1,0,0,2,0,0,0,1,0,0,1,0,0,1,1,2
VM86RJIE,66,0,1,0,1,0,0,1,1,0,0,0,1,0,1,0,0,0,1,1,2
VXZJHLIE,66,1,0,0,1,0,1,0,1,0,0,0,1,1,0,0,0,0,1,1,2
2TZE1UIE,66,0,0,1,0,1,0,0,1,0,1,0,1,0,0,0,0,1,1,1,2
9RTYJ3JE,66,1,0,0,1,0,0,1,0,1,0,0,1,0,0,0,1,0,1,1,2
1YP1DBJE,66,0,1,0,0,1,0,0,1,1,0,0,1,0,0,1,0,0,1,1,2
Y7RVAGJE,66,0,1,0,0,1,0,0,1,1,0,0,1,0,1,0,0,0,1,1,2
X2J76IJE,66,1,0,0,0,1,1,0,1,0,0,0,1,1,0,0,0,0,1,1,2
M21ASIJE,66,0,1,0,1,0,0,0,1,1,0,0,1,0,0,0,1,0,1,1,2
NXCYRLJE,66,0,0,1,0,1,0,1,0,0,1,0,1,0,0,0,0,1,1,1,2
B35WEQJE,66,0,1,0,0,1,0,1,0,0,1,0,1,0,0,0,0,1,1,1,2
1SVQ4RJE,66,0,0,1,0,1,0,0,0,2,0,0,1,0,0,0,1,0,1,1,2
KAQ2FSJE,66,0,0,1,0,1,1,0,0,0,1,0,1,0,0,0,0,1,1,1,2
OTHNAYJE,66,0,1,0,0,1,0,0,1,0,1,0,1,0,0,0,0,1,1,1,2
E6IXIFKE,66,0,0,1,1,0,0,0,0,2,0,0,1,0,0,0,1,0,1,1,2
C4ICAHKE,66,0,1,0,1,0,0,0,0,1,1,0,1,0,0,0,1,0,1,1,2
JR12AMKE,66,1,0,0,1,0,0,0,0,0,2,0,1,0,0,0,0,1,1,1,2
MXWNJXKE,66,0,1,0,0,1,1,0,0,0,1,0,1,0,0,0,0,1,1,1,2
8G8B27LE,66,1,0,0,1,0,0,1,0,0,1,0,1,0,0,1,0,0,1,1,2
2Z7ZKMLE,66,0,0,1,1,0,1,1,0,0,0,0,1,0,1,0,0,0,1,1,2
865UHQLE,66,1,0,0,1,0,1,0,0,0,1,0,1,1,0,0,0,0,1,1,2
IAGGRXLE,66,0,0,1,0,1,1,0,0,0,1,0,1,0,0,0,0,1,1,1,2
CAM76ZLE,66,1,0,0,1,0,0,0,0,0,2,0,1,0,0,0,0,1,1,1,2
OS8TF1ME,66,0,1,0,0,1,0,1,0,0,1,0,1,0,0,0,0,1,1,1,2
TCD762ME,66,0,1,0,1,0,0,0,0,1,1,0,1,0,0,0,1,0,1,1,2
L2RYB2ME,66,0,0,1,0,1,0,0,0,0,2,0,1,0,0,0,0,1,1,1,2
M8LBG3ME,66,0,0,1,1,0,0,0,1,1,0,0,1,0,0,0,1,0,1,1,2
G3MZT6ME,66,0,1,0,0,1,1,1,0,0,0,0,1,0,0,1,0,0,1,1,2
XQ9AAJME,66,0,0,1,1,0,0,1,0,0,1,0,1,0,1,0,0,0,1,1,2
5K4YPJME,66,1,0,0,0,1,1,1,0,0,0,0,1,1,0,0,0,0,1,1,2
IQY2KLME,66,1,0,0,1,0,0,0,0,1,1,0,1,0,0,0,1,0,1,1,2
8QTZRQME,66,1,0,0,0,1,0,0,1,0,1,0,1,0,0,0,0,1,1,1,2
7F8E4WME,66,0,0,1,1,0,0,0,0,1,1,0,1,0,0,0,1,0,1,1,2
VBG5NYME,66,0,0,1,1,0,0,0,1,1,0,0,1,0,0,0,1,0,1,1,2
C3GB12NE,66,0,0,1,0,1,0,0,1,0,1,0,1,0,0,0,0,1,1,1,2
MQJCA3NE,66,1,0,0,0,1,0,0,1,0,1,0,1,0,0,0,0,1,1,1,2
91OG8BNE,66,0,0,1,0,1,0,0,0,0,2,0,1,0,0,0,0,1,1,1,2
4RBXWENE,66,0,1,0,0,1,0,1,0,0,1,0,1,0,0,1,0,1,2,1,3
XJX6XONE,66,0,1,0,0,1,0,0,2,0,0,0,1,0,1,0,0,0,1,1,2
OTV3JUNE,66,0,0,1,1,0,2,0,0,0,0,0,1,1,0,0,0,0,1,1,2
1N88RGOE,66,0,0,1,1,0,0,1,0,1,0,0,1,0,0,0,1,0,1,1,2
VTXASJOE,66,0,1,0,1,0,0,0,0,1,1,0,1,0,0,1,1,0,2,1,3
I583XNOE,66,0,1,0,0,1,0,1,0,0,1,0,1,0,1,0,0,1,2,1,3
PTCD8CQE,66,1,0,0,1,0,1,1,0,0,0,0,1,1,0,0,0,0,1,1,2
FFEDAEQE,66,0,0,1,1,0,0,1,0,1,0,0,1,0,0,0,1,0,1,1,2
AM9T2HQE,66,0,0,1,1,0,0,0,1,1,0,0,1,0,0,0,1,0,1,1,2
8QGFJMQE,66,0,0,1,1,0,0,0,0,0,2,0,1,0,0,0,0,1,1,1,2
GSBTNMQE,66,0,0,1,1,0,0,0,0,1,1,0,1,0,0,0,1,0,1,1,2
J1E1NNQE,66,0,1,0,0,1,1,0,0,0,1,0,1,0,0,0,0,1,1,1,2
15IM6TQE,66,0,0,1,0,1,0,0,0,2,0,0,1,0,0,0,1,0,1,1,2
RVYHMUQE,66,0,1,0,0,1,0,0,0,1,1,0,1,0,0,0,0,1,1,1,2
CRNP2VQE,66,0,0,1,1,0,0,0,0,1,1,0,1,0,0,0,1,0,1,1,2
SN9D3WQE,66,0,0,1,1,0,0,0,1,1,0,0,1,0,0,0,1,0,1,1,2
W3W4KWQE,66,0,1,0,0,1,0,0,1,0,1,0,1,0,0,0,0,1,1,1,2
MBE1UYQE,66,0,0,1,1,0,0,0,1,1,0,0,1,0,0,0,1,0,1,1,2
74B7F1RE,66,1,0,0,1,0,0,0,0,1,1,0,1,0,0,0,1,0,1,1,2
84POB2RE,66,0,0,1,0,1,0,0,0,1,1,0,1,0,0,0,0,1,1,1,2
CLC1T7RE,66,1,0,0,1,0,0,0,0,1,1,0,1,0,0,0,1,0,1,1,2
NKBZEARE,66,1,0,0,0,1,0,0,0,1,1,0,1,0,0,0,0,1,1,1,2
O2J4OERE,66,1,0,0,1,0,0,1,0,1,0,0,1,0,0,0,1,0,1,1,2
I3U4LHRE,66,1,0,0,1,0,0,0,1,0,1,0,1,0,0,1,0,0,1,1,2
HLJ8BNRE,66,0,0,1,0,1,0,2,0,0,0,0,1,0,1,0,0,0,1,1,2
CXBG3RRE,66,1,0,0,0,1,1,0,0,1,0,0,1,1,0,0,0,0,1,1,2
VGAIAISE,66,0,1,0,1,0,0,0,1,0,1,0,1,0,0,1,0,0,1,1,2
J6FTXQSE,66,1,0,0,1,0,0,0,1,0,1,0,1,0,1,0,0,0,1,1,2
DGXC2USE,66,1,0,0,1,0,1,0,1,0,0,0,1,1,0,0,0,0,1,1,2
LC6HYXSE,66,0,1,0,1,0,0,1,0,1,0,0,1,0,0,0,1,0,1,1,2
7B6A2ZSE,66,0,1,0,1,0,0,0,0,1,1,0,1,0,0,0,1,0,1,1,2
WW1C61TE,66,0,1,0,0,1,0,1,0,0,1,0,1,0,0,0,0,1,1,1,2
ZFNLQ1TE,66,0,1,0,1,0,0,0,1,1,0,0,1,0,0,0,1,0,1,1,2
V2AN95TE,66,1,0,0,1,0,0,0,0,1,1,0,1,0,0,0,1,0,1,1,2
XYDTC6TE,66,0,0,1,0,1,1,0,0,0,1,0,1,0,0,0,0,1,1,1,2
AWWRU6TE,66,0,0,1,1,0,0,0,1,1,0,0,1,0,0,0,1,0,1,1,2
5HB1V8TE,66,0,0,1,1,0,0,0,1,1,0,0,1,0,0,0,1,0,1,1,2
FCCMTCTE,66,0,0,1,0,1,0,0,1,0,1,0,1,0,0,0,0,1,1,1,2
I7B11FTE,66,1,0,0,0,1,0,0,0,1,1,0,1,0,0,0,0,1,1,1,2
KGCQDITE,66,0,0,1,1,0,0,0,0,1,1,0,1,0,0,0,1,0,1,1,2
699P5KTE,66,0,1,0,1,0,0,0,0,1,1,0,1,0,0,0,1,0,1,1,2
9PCE7LTE,66,1,0,0,1,0,0,0,0,1,1,0,1,0,0,0,1,0,1,1,2
PH619QTE,66,0,0,1,0,1,0,0,1,0,1,0,1,0,0,0,0,1,1,1,2
RFQJ7STE,66,0,0,1,0,1,0,0,0,2,0,0,1,0,0,1,1,0,2,1,3
HHSGGMUE,66,0,1,0,0,1,0,1,0,1,0,0,1,0,1,0,0,0,1,1,2
GHO2QOUE,66,1,0,0,0,1,1,0,1,0,0,0,1,1,0,0,0,0,1,1,2
1L4TGPUE,66,0,1,0,0,1,1,0,1,0,0,0,1,0,0,1,0,0,1,1,2
HSKJHSUE,66,1,0,0,1,0,0,1,0,0,1,0,1,0,1,0,0,0,1,1,2
M4INLVUE,66,1,0,0,1,0,1,0,1,0,0,0,1,1,0,0,0,0,1,1,2
UFC44GVE,66,0,1,0,0,1,0,0,1,0,1,0,1,0,0,0,0,1,1,1,2
JEJGSOVE,66,1,0,0,0,1,0,0,0,0,2,0,1,0,0,0,0,1,1,1,2
PATLTSVE,66,0,1,0,1,0,0,1,0,1,0,0,1,0,0,0,1,0,1,1,2
T6MQITVE,66,1,0,0,0,1,0,0,1,0,1,0,1,0,0,0,0,1,1,1,2
44GL2BWE,66,1,0,0,1,0,0,0,1,0,1,0,1,0,0,1,0,0,1,1,2
4EBCGQWE,66,0,0,1,0,1,1,1,0,0,0,0,1,0,1,1,0,0,2,1,3
DC83JRWE,66,1,0,0,0,1,1,0,1,0,0,0,1,1,1,0,0,0,2,1,3
G5Y85ZXE,66,1,0,0,1,0,1,0,1,0,0,0,1,1,0,0,0,0,1,1,2
M1HJOZXE,66,1,0,0,1,0,0,1,0,1,0,0,1,0,0,0,1,0,1,1,2
PHT2RCYE,66,0,1,0,0,1,0,1,0,0,1,0,1,0,0,0,0,1,1,1,2
2EKZDCYE,66,0,1,0,1,0,1,1,0,0,0,0,1,0,0,1,0,0,1,1,2
WHGN2DYE,66,0,1,0,1,0,1,0,0,0,1,0,1,0,1,0,0,0,1,1,2
RUZ6BEYE,66,1,0,0,1,0,1,0,1,0,0,0,1,1,0,0,0,0,1,1,2
EAOA6MYE,66,0,1,0,0,1,0,0,0,2,0,0,1,0,0,0,1,0,1,1,2
UEFQ3NYE,66,1,0,0,1,0,0,0,1,1,0,0,1,0,0,0,1,0,1,1,2
QDVEIUYE,66,1,0,0,1,0,0,0,0,2,0,0,1,0,0,0,1,0,1,1,2
NYVVLVYE,66,1,0,0,0,1,0,0,1,0,1,0,1,0,0,0,0,1,1,1,2
ZI3JUYYE,66,0,0,1,0,1,0,0,0,1,1,0,1,0,0,0,0,1,1,1,2
OUN223ZE,66,0,0,1,0,1,1,0,0,0,1,0,1,0,0,0,0,1,1,1,2
JU8X84ZE,66,0,1,0,0,1,0,0,0,1,1,0,1,0,0,0,0,1,1,1,2
T7YZX7ZE,66,1,0,0,1,0,0,0,0,1,1,0,1,0,0,0,1,0,1,1,2
3BWS9FZE,66,0,0,1,0,1,1,1,0,0,0,0,1,0,0,1,0,0,1,1,2
IWD4CHZE,66,0,1,0,1,0,1,1,0,0,0,0,1,0,1,0,0,0,1,1,2
WAMBMQZE,66,1,0,0,1,0,1,0,0,0,1,0,1,1,0,0,0,0,1,1,2
8VIBFUZE,66,1,0,0,1,0,0,0,0,1,1,0,1,0,0,0,1,0,1,1,2
EYBQDZZE,66,0,0,1,0,1,0,0,0,0,2,0,1,0,0,0,0,1,1,1,2
JXYY171F,66,0,0,1,1,0,1,0,0,1,0,0,1,0,0,0,1,0,1,1,2
1BRAA91F,66,0,0,1,1,0,0,1,0,1,0,0,1,0,0,0,1,0,1,1,2
YWHUAB1F,66,0,1,0,0,1,0,0,1,0,1,0,1,0,0,0,0,1,1,1,2
MPE6N1PE,76,1,0,1,1,0,0,1,0,0,1,0,1,0,0,0,0,0,0,1,1
L1OHWFVE,66,0,0,1,1,0,1,0,1,0,0,0,1,0,0,0,0,0,0,1,1
R1KRTHVE,66,0,1,0,1,0,0,0,2,0,0,0,1,0,0,0,0,0,0,1,1
MDIK2FYE,76,1,0,1,1,0,0,1,1,0,0,0,1,0,0,0,0,0,0,1,1
2V1RXUFE,66,0,1,0,1,0,1,0,1,0,0,0,1,0,0,0,0,0,0,1,1
EFJ3CYKE,66,0,0,1,1,0,0,1,0,0,1,0,1,0,0,0,0,0,0,1,1
HOI857JE,66,0,0,1,0,1,0,0,1,1,0,0,1,0,0,0,0,0,0,1,1
UOO8FHRE,66,0,1,0,0,1,0,1,1,0,0,0,1,0,0,0,0,0,0,1,1
7TUTHC8E,81,0,1,0,1,0,0,0,2,0,1,0,1,0,0,0,0,0,0,1,1
EJ7J3SKE,76,1,0,1,0,1,0,0,1,1,0,0,1,0,0,0,0,0,0,1,1
DT4YEKXE,76,1,1,0,1,0,0,1,1,0,0,0,1,0,0,0,0,0,0,1,1
6HIUDDAE,66,0,1,0,0,1,0,0,1,1,0,0,1,0,0,0,0,0,0,1,1
ND6AZPBE,66,0,0,1,0,1,1,1,0,0,0,0,1,0,0,0,0,0,0,1,1
VUDWMZDE,66,0,0,1,1,0,1,0,0,0,1,0,1,0,0,0,0,0,0,1,1
UETQ6CFE,66,0,1,0,1,0,0,1,0,0,1,0,1,0,0,0,0,0,0,1,1
7BQT1SHE,66,0,1,0,1,0,0,1,1,0,0,0,1,0,0,0,0,0,0,1,1
28JGY4JE,66,0,1,0,1,0,0,0,2,0,0,0,1,0,0,0,0,0,0,1,1
6HANG3KE,66,1,0,0,1,0,0,1,1,0,0,0,1,0,0,0,0,0,0,1,1
FJ15RDKE,66,0,1,0,1,0,0,0,1,0,1,0,1,0,0,0,0,0,0,1,1
FP8MG7PE,66,0,1,0,0,1,0,0,2,0,0,0,1,0,0,0,0,0,0,1,1
LORLPR7E,76,0,1,1,1,0,0,2,0,0,0,0,1,0,0,0,0,0,0,1,1
NTIKUO8E,76,0,1,0,1,1,1,0,1,0,0,0,1,0,0,0,0,0,0,1,1
9U28W6DE,76,1,1,0,0,1,0,1,1,0,0,0,1,0,0,0,0,0,0,1,1
YWXQB3IE,76,1,1,0,1,0,0,0,1,0,1,0,1,0,0,0,0,0,0,1,1
XC3CPEPE,76,1,0,1,1,0,0,1,1,0,0,0,1,0,0,0,0,0,0,1,1
X5ENKIVE,76,1,1,0,1,0,0,0,1,0,1,0,1,0,0,0,0,0,0,1,1
YMCVB7YE,76,0,1,0,1,1,1,1,0,0,0,0,1,0,0,0,0,0,0,1,1
BIILRATE,71,1,0,1,1,1,0,1,0,0,0,0,1,0,0,0,0,0,0,1,1
AMLIZU7E,66,1,0,0,1,0,0,1,0,0,1,0,1,0,0,0,0,0,0,1,1
ATEMA18E,66,0,0,1,0,1,1,1,0,0,0,0,1,0,0,0,0,0,0,1,1
JL2RS18E,66,1,0,0,0,1,0,0,1,1,0,0,1,0,0,0,0,0,0,1,1
MGO32F8E,66,0,0,1,1,0,0,0,2,0,0,0,1,0,0,0,0,0,0,1,1
47Y8MS8E,66,1,0,0,1,0,0,0,1,0,1,0,1,0,0,0,0,0,0,1,1
EBXIHT8E,66,0,1,0,0,1,0,1,0,1,0,0,1,0,0,0,0,0,0,1,1
1GRAVT8E,66,0,0,1,0,1,1,0,1,0,0,0,1,0,0,0,0,0,0,1,1
4J2DLV8E,66,0,0,1,0,1,0,0,1,1,0,0,1,0,0,0,0,0,0,1,1
FLO8MW8E,66,0,1,0,0,1,0,0,1,1,0,0,1,0,0,0,0,0,0,1,1
WH1DIW8E,66,0,0,1,0,1,0,1,1,0,0,0,1,0,0,0,0,0,0,1,1
M4DFTW8E,66,1,0,0,1,0,0,1,0,0,1,0,1,0,0,0,0,0,0,1,1
261ZE79E,66,0,0,1,1,0,1,0,0,0,1,0,1,0,0,0,0,0,0,1,1
SS8XI89E,66,0,0,1,0,1,0,1,0,1,0,0,1,0,0,0,0,0,0,1,1
RGQNSL9E,66,0,0,1,1,0,0,0,2,0,0,0,1,0,0,0,0,0,0,1,1
GZCGON9E,66,0,0,1,0,1,0,1,0,1,0,0,1,0,0,0,0,0,0,1,1
P7JG7P9E,66,0,0,1,1,0,0,1,0,0,1,0,1,0,0,0,0,0,0,1,1
YFP8IR9E,66,0,1,0,1,0,1,0,0,0,1,0,1,0,0,0,0,0,0,1,1
XJZXBW9E,66,0,0,1,0,1,0,0,1,1,0,0,1,0,0,0,0,0,0,1,1
Q443E3AE,66,0,1,0,0,1,0,1,1,0,0,0,1,0,0,0,0,0,0,1,1
9WK6C5AE,66,0,0,1,1,0,0,1,1,0,0,0,1,0,0,0,0,0,0,1,1
6WKR2AAE,66,0,1,0,0,1,0,0,1,1,0,0,1,0,0,0,0,0,0,1,1
GUBOKQAE,66,1,0,0,1,0,0,0,1,0,1,0,1,0,0,0,0,0,0,1,1
BIFHO3BE,66,0,0,1,0,1,0,1,0,1,0,0,1,0,0,0,0,0,0,1,1
FS23ODBE,66,1,0,0,0,1,0,2,0,0,0,0,1,0,0,0,0,0,0,1,1
XTF87EBE,66,0,1,0,0,1,0,1,1,0,0,0,1,0,0,0,0,0,0,1,1
ZN4VXHBE,66,0,1,0,1,0,0,1,0,0,1,0,1,0,0,0,0,0,0,1,1
QM9X2IBE,66,0,0,1,0,1,0,1,1,0,0,0,1,0,0,0,0,0,0,1,1
4Y9YSLBE,66,1,0,0,1,0,0,1,0,0,1,0,1,0,0,0,0,0,0,1,1
B9K8YOBE,66,0,1,0,0,1,0,2,0,0,0,0,1,0,0,0,0,0,0,1,1
WIMAOTBE,66,0,1,0,1,0,0,1,0,0,1,0,1,0,0,0,0,0,0,1,1
WAU3KVBE,66,0,0,1,1,0,0,1,0,0,1,0,1,0,0,0,0,0,0,1,1
I9EVSVBE,66,1,0,0,1,0,0,1,0,0,1,0,1,0,0,0,0,0,0,1,1
Y3QLIYBE,66,0,0,1,1,0,0,0,1,0,1,0,1,0,0,0,0,0,0,1,1
4CO5KZBE,66,0,1,0,1,0,1,0,0,0,1,0,1,0,0,0,0,0,0,1,1
Q4WHT9CE,66,0,0,1,0,1,1,1,0,0,0,0,1,0,0,0,0,0,0,1,1
R1DGFBCE,66,1,0,0,1,0,0,0,1,0,1,0,1,0,0,0,0,0,0,1,1
JE4ABDCE,66,1,0,0,0,1,0,1,1,0,0,0,1,0,0,0,0,0,0,1,1
QZCR9FCE,66,0,0,1,1,0,1,0,0,0,1,0,1,0,0,0,0,0,0,1,1
O5PF8HCE,66,0,1,0,1,0,1,0,1,0,0,0,1,0,0,0,0,0,0,1,1
PJ9B7JCE,66,1,0,0,0,1,0,0,1,1,0,0,1,0,0,0,0,0,0,1,1
QZR6SMCE,66,0,0,1,1,0,1,0,0,0,1,0,1,0,0,0,0,0,0,1,1
C2LV7VCE,66,0,0,1,1,0,0,1,1,0,0,0,1,0,0,0,0,0,0,1,1
1PLI9VCE,66,0,0,1,0,1,0,2,0,0,0,0,1,0,0,0,0,0,0,1,1
DH6F2YCE,66,0,1,0,1,0,0,1,1,0,0,0,1,0,0,0,0,0,0,1,1
QQP9B1DE,66,0,0,1,1,0,1,0,1,0,0,0,1,0,0,0,0,0,0,1,1
86S7O1DE,66,0,0,1,1,0,0,1,0,0,1,0,1,0,0,0,0,0,0,1,1
ZB4H97DE,66,0,0,1,0,1,0,1,1,0,0,0,1,0,0,0,0,0,0,1,1
B7P2VBDE,66,0,0,1,0,1,0,1,0,1,0,0,1,0,0,0,0,0,0,1,1
XPQPPRDE,66,0,0,1,1,0,1,0,1,0,0,0,1,0,0,0,0,0,0,1,1
UXPZYWDE,66,0,0,1,1,0,0,1,0,0,1,0,1,0,0,0,0,0,0,1,1
GDE5VYDE,66,1,0,0,1,0,0,0,1,0,1,0,1,0,0,0,0,0,0,1,1
K5AIX1EE,66,0,0,1,1,0,0,1,1,0,0,0,1,0,0,0,0,0,0,1,1
GOBZZPEE,66,0,1,0,1,0,0,1,1,0,0,0,1,0,0,0,0,0,0,1,1
EOEAXSEE,66,0,1,0,0,1,0,1,1,0,0,0,1,0,0,0,0,0,0,1,1
XK4HHZEE,66,0,1,0,0,1,0,0,1,1,0,0,1,0,0,0,0,0,0,1,1
JNT7E1FE,66,0,1,0,1,0,0,0,1,0,1,0,1,0,0,0,0,0,0,1,1
XWSAN5FE,66,1,0,0,0,1,0,0,2,0,0,0,1,0,0,0,0,0,0,1,1
BXR1J8FE,66,1,0,0,0,1,0,0,1,1,0,0,1,0,0,0,0,0,0,1,1
XVQQ5BFE,66,0,0,1,0,1,0,0,1,1,0,0,1,0,0,0,0,0,0,1,1
ZM1OMPFE,66,0,1,0,0,1,0,0,1,1,0,0,1,0,0,0,0,0,0,1,1
W3OYPQFE,66,0,1,0,1,0,0,1,0,0,1,0,1,0,0,0,0,0,0,1,1
2MGBORFE,66,0,1,0,1,0,1,0,1,0,0,0,1,0,0,0,0,0,0,1,1
T7G383GE,66,0,1,0,1,0,0,0,1,0,1,0,1,0,0,0,0,0,0,1,1
OLO9B4GE,66,0,1,0,1,0,0,0,2,0,0,0,1,0,0,0,0,0,0,1,1
CW2VG5GE,66,0,0,1,1,0,1,0,0,0,1,0,1,0,0,0,0,0,0,1,1
YD6OX5GE,66,1,0,0,0,1,0,1,1,0,0,0,1,0,0,0,0,0,0,1,1
2PNOU8GE,66,0,0,1,1,0,0,0,1,0,1,0,1,0,0,0,0,0,0,1,1
RA4T6BGE,66,1,0,0,1,0,0,1,1,0,0,0,1,0,0,0,0,0,0,1,1
6TZU9FGE,66,0,0,1,1,0,0,0,2,0,0,0,1,0,0,0,0,0,0,1,1
X5BD5HGE,66,0,0,1,1,0,0,1,0,0,1,0,1,0,0,0,0,0,0,1,1
7C99GKGE,66,0,1,0,1,0,0,1,1,0,0,0,1,0,0,0,0,0,0,1,1
ZITT6LGE,66,0,0,1,0,1,1,0,1,0,0,0,1,0,0,0,0,0,0,1,1
D8D3HSGE,66,0,1,0,0,1,0,0,2,0,0,0,1,0,0,0,0,0,0,1,1
4VK42IHE,66,0,1,0,0,1,0,0,2,0,0,0,1,0,0,0,0,0,0,1,1
GKHSARHE,66,0,1,0,1,0,1,0,0,0,1,0,1,0,0,0,0,0,0,1,1
6JIVQMIE,66,1,0,0,0,1,0,2,0,0,0,0,1,0,0,0,0,0,0,1,1
9R3ZYPIE,66,0,0,1,0,1,0,2,0,0,0,0,1,0,0,0,0,0,0,1,1
H3PLUWIE,66,0,1,0,1,0,0,0,1,0,1,0,1,0,0,0,0,0,0,1,1
UA6W3YIE,66,0,0,1,0,1,1,1,0,0,0,0,1,0,0,0,0,0,0,1,1
TW2QK1JE,66,0,0,1,1,0,1,0,0,0,1,0,1,0,0,0,0,0,0,1,1
748M3CJE,66,1,0,0,1,0,0,0,1,0,1,0,1,0,0,0,0,0,0,1,1
TZUNNNJE,66,0,0,1,1,0,1,1,0,0,0,0,1,0,0,0,0,0,0,1,1
EBOJBWJE,66,0,1,0,1,0,0,1,1,0,0,0,1,0,0,0,0,0,0,1,1
8CQ9FWJE,66,0,0,1,0,1,0,1,1,0,0,0,1,0,0,0,0,0,0,1,1
LK4UFWJE,66,1,0,0,0,1,0,2,0,0,0,0,1,0,0,0,0,0,0,1,1
X97OIJKE,66,0,0,1,0,1,0,1,0,1,0,0,1,0,0,0,0,0,0,1,1
AOAT5PKE,66,0,0,1,1,0,0,0,1,0,1,0,1,0,0,0,0,0,0,1,1
W4QFGUKE,66,0,0,1,0,1,1,0,0,1,0,0,1,0,0,0,0,0,0,1,1
T8T24VKE,66,0,0,1,1,0,0,2,0,0,0,0,1,0,0,0,0,0,0,1,1
ZPYM2XKE,66,0,0,1,1,0,1,0,0,0,1,0,1,0,0,0,0,0,0,1,1
VIKR59LE,66,0,0,1,0,1,0,0,1,1,0,0,1,0,0,0,0,0,0,1,1
6UJO5ALE,66,0,1,0,1,0,0,1,0,0,1,0,1,0,0,0,0,0,0,1,1
XEQM6ELE,66,0,1,0,1,0,0,0,1,0,1,0,1,0,0,0,0,0,0,1,1
L11KLHLE,66,0,0,1,1,0,0,1,0,0,1,0,1,0,0,0,0,0,0,1,1
AM5ARRLE,66,0,1,0,0,1,0,0,2,0,0,0,1,0,0,0,0,0,0,1,1
B51JNULE,66,1,0,0,1,0,0,1,1,0,0,0,1,0,0,0,0,0,0,1,1
R6Z58VLE,66,0,1,0,0,1,1,1,0,0,0,0,1,0,0,0,0,0,0,1,1
Z1IF5XLE,66,0,0,1,0,1,0,1,1,0,0,0,1,0,0,0,0,0,0,1,1
HU4A5ZLE,66,0,0,1,1,0,1,0,1,0,0,0,1,0,0,0,0,0,0,1,1
9MCA1RME,66,1,0,0,0,1,0,1,0,1,0,0,1,0,0,0,0,0,0,1,1
4PHY9RME,66,1,0,0,0,1,0,0,1,1,0,0,1,0,0,0,0,0,0,1,1
48BORUME,66,0,1,0,0,1,0,1,1,0,0,0,1,0,0,0,0,0,0,1,1
1NWUCXME,66,0,0,1,0,1,1,0,0,1,0,0,1,0,0,0,0,0,0,1,1
CMXY9YME,66,0,0,1,1,0,1,0,1,0,0,0,1,0,0,0,0,0,0,1,1
URPF1INE,66,0,0,1,1,0,0,0,2,0,0,0,1,0,0,0,0,0,0,1,1
UQZKZNNE,66,0,1,0,1,0,0,1,0,0,1,0,1,0,0,0,0,0,0,1,1
S8T3ASNE,66,1,0,0,0,1,0,1,1,0,0,0,1,0,0,0,0,0,0,1,1
AXYIWXNE,66,0,0,1,1,0,1,1,0,0,0,0,1,0,0,0,0,0,0,1,1
29UZ44OE,66,1,0,0,1,0,0,0,2,0,0,0,1,0,0,0,0,0,0,1,1
G1ZVW6OE,66,0,1,0,0,1,1,1,0,0,0,0,1,0,0,0,0,0,0,1,1
3KH23AOE,66,0,1,0,1,0,0,1,1,0,0,0,1,0,0,0,0,0,0,1,1
TCCMGBOE,66,1,0,0,1,0,0,1,1,0,0,0,1,0,0,0,0,0,0,1,1
ZYRRSBOE,66,0,1,0,1,0,0,0,2,0,0,0,1,0,0,0,0,0,0,1,1
TE7Q7JOE,66,0,1,0,0,1,1,1,0,0,0,0,1,0,0,0,0,0,0,1,1
MCD1JMOE,66,1,0,0,1,0,0,1,0,0,1,0,1,0,0,0,0,0,0,1,1
19RQGMOE,66,0,0,1,1,0,1,0,0,0,1,0,1,0,0,0,0,0,0,1,1
YLYO7SOE,66,1,0,0,0,1,0,0,2,0,0,0,1,0,0,0,0,0,0,1,1
YYZ2KSOE,66,0,1,0,1,0,1,0,0,0,1,0,1,0,0,0,0,0,0,1,1
89WLLXOE,66,0,0,1,1,0,0,0,2,0,0,0,1,0,0,0,0,0,0,1,1
5ADE85PE,66,1,0,0,1,0,0,1,1,0,0,0,1,0,0,0,0,0,0,1,1
W47326PE,66,1,0,0,1,0,0,0,1,0,1,0,1,0,0,0,0,0,0,1,1
3WOUBQPE,66,1,0,0,1,0,0,0,1,0,1,0,1,0,0,0,0,0,0,1,1
X5CKIFQE,66,0,1,0,1,0,1,0,0,0,1,0,1,0,0,0,0,0,0,1,1
9K1K7RQE,66,1,0,0,1,0,0,1,0,0,1,0,1,0,0,0,0,0,0,1,1
2FEYCVQE,66,0,1,0,1,0,0,2,0,0,0,0,1,0,0,0,0,0,0,1,1
KKKPQ5RE,66,1,0,0,1,0,0,0,2,0,0,0,1,0,0,0,0,0,0,1,1
ZOPE7RRE,66,0,1,0,0,1,0,1,0,1,0,0,1,0,0,0,0,0,0,1,1
1VDRNTRE,66,0,0,1,1,0,1,0,0,0,1,0,1,0,0,0,0,0,0,1,1
7IKO2URE,66,1,0,0,0,1,0,0,1,1,0,0,1,0,0,0,0,0,0,1,1
XQ999XRE,66,0,1,0,0,1,1,0,0,1,0,0,1,0,0,0,0,0,0,1,1
9H52WWSE,66,0,1,0,1,0,1,1,0,0,0,0,1,0,0,0,0,0,0,1,1
CUDQ3XSE,66,1,0,0,0,1,0,0,1,1,0,0,1,0,0,0,0,0,0,1,1
E2XD15TE,66,1,0,0,0,1,0,1,1,0,0,0,1,0,0,0,0,0,0,1,1
CFD1MGTE,66,0,1,0,0,1,1,0,1,0,0,0,1,0,0,0,0,0,0,1,1
G5RV2JTE,66,0,1,0,0,1,0,1,1,0,0,0,1,0,0,0,0,0,0,1,1
RY2X5PTE,66,0,1,0,0,1,0,0,1,1,0,0,1,0,0,0,0,0,0,1,1
J8HBRWTE,66,0,0,1,1,0,0,1,0,0,1,0,1,0,0,0,0,0,0,1,1
1VXBV8UE,66,0,1,0,0,1,0,1,0,1,0,0,1,0,0,0,0,0,0,1,1
4P4KRDUE,66,0,1,0,0,1,0,0,2,0,0,0,1,0,0,0,0,0,0,1,1
38IIAXUE,66,0,0,1,0,1,0,0,2,0,0,0,1,0,0,0,0,0,0,1,1
NXW6R2VE,66,0,1,0,1,0,1,1,0,0,0,0,1,0,0,0,0,0,0,1,1
9D1B47VE,66,0,0,1,0,1,0,1,0,1,0,0,1,0,0,0,0,0,0,1,1
QHSTPCVE,66,0,1,0,0,1,1,0,1,0,0,0,1,0,0,0,0,0,0,1,1
UR54YEVE,66,0,1,0,0,1,0,1,0,1,0,0,1,0,0,0,0,0,0,1,1
OFKXCOVE,66,0,0,1,0,1,0,1,0,1,0,0,1,0,0,0,0,0,0,1,1
WQFT6PVE,66,0,1,0,1,0,0,1,0,0,1,0,1,0,0,0,0,0,0,1,1
RTNLWVVE,66,1,0,0,0,1,0,1,0,1,0,0,1,0,0,0,0,0,0,1,1
SMBOFXVE,66,1,0,0,1,0,0,1,1,0,0,0,1,0,0,0,0,0,0,1,1
785NBZVE,66,0,0,1,0,1,0,1,0,1,0,0,1,0,0,0,0,0,0,1,1
LPY2S5WE,66,0,0,1,0,1,0,1,1,0,0,0,1,0,0,0,0,0,0,1,1
CTUGTIWE,66,1,0,0,1,0,0,1,1,0,0,0,1,0,0,0,0,0,0,1,1
A4IANMWE,66,1,0,0,1,0,0,1,1,0,0,0,1,0,0,0,0,0,0,1,1
J15UNPWE,66,1,0,0,1,0,0,0,1,0,1,0,1,0,0,0,0,0,0,1,1
7VZEEUWE,66,0,0,1,1,0,0,0,1,0,1,0,1,0,0,0,0,0,0,1,1
ON7BNWWE,66,0,0,1,0,1,0,0,1,1,0,0,1,0,0,0,0,0,0,1,1
KPCZ5ZWE,66,0,0,1,1,0,0,1,1,0,0,0,1,0,0,0,0,0,0,1,1
JFBQO2XE,66,0,1,0,1,0,1,1,0,0,0,0,1,0,0,0,0,0,0,1,1
6ATWW9XE,66,0,0,1,1,0,0,2,0,0,0,0,1,0,0,0,0,0,0,1,1
5IKBGDXE,66,0,0,1,0,1,0,0,2,0,0,0,1,0,0,0,0,0,0,1,1
7JXBCUXE,66,0,0,1,1,0,0,1,1,0,0,0,1,0,0,0,0,0,0,1,1
XCS9FZXE,66,0,0,1,1,0,0,0,1,0,1,0,1,0,0,0,0,0,0,1,1
FRM9V3YE,66,0,1,0,1,0,0,1,1,0,0,0,1,0,0,0,0,0,0,1,1
LGAX79YE,66,1,0,0,0,1,0,1,1,0,0,0,1,0,0,0,0,0,0,1,1
I7YTHAYE,66,0,0,1,0,1,1,0,1,0,0,0,1,0,0,0,0,0,0,1,1
1TFH1CYE,66,1,0,0,0,1,0,1,1,0,0,0,1,0,0,0,0,0,0,1,1
9S7KCEYE,66,0,0,1,0,1,1,0,1,0,0,0,1,0,0,0,0,0,0,1,1
V9YO1HYE,66,0,0,1,1,0,0,0,1,0,1,0,1,0,0,0,0,0,0,1,1
JK4PJHYE,66,0,1,0,0,1,1,0,1,0,0,0,1,0,0,0,0,0,0,1,1
MOFERTYE,66,0,0,1,0,1,0,2,0,0,0,0,1,0,0,0,0,0,0,1,1
TCPJ7UYE,66,1,0,0,0,1,0,1,1,0,0,0,1,0,0,0,0,0,0,1,1
CGYUHVYE,66,0,1,0,1,0,1,1,0,0,0,0,1,0,0,0,0,0,0,1,1
JJJQ5WYE,66,0,1,0,0,1,0,0,2,0,0,0,1,0,0,0,0,0,0,1,1
YGQBJXYE,66,0,0,1,1,0,0,1,0,0,1,0,1,0,0,0,0,0,0,1,1
WZZD33ZE,66,0,0,1,1,0,0,2,0,0,0,0,1,0,0,0,0,0,0,1,1
VX4T18ZE,66,0,1,0,1,0,0,0,1,0,1,0,1,0,0,0,0,0,0,1,1
WRWB19ZE,66,0,1,0,1,0,1,1,0,0,0,0,1,0,0,0,0,0,0,1,1
ZP8EERZE,66,0,1,0,0,1,0,0,1,1,0,0,1,0,0,0,0,0,0,1,1
DFJWCSZE,66,0,1,0,1,0,1,0,0,0,1,0,1,0,0,0,0,0,0,1,1
ARODOZZE,66,1,0,0,1,0,0,0,2,0,0,0,1,0,0,0,0,0,0,1,1
WTIR661F,66,1,0,0,1,0,0,0,1,0,1,0,1,0,0,0,0,0,0,1,1
N6TZI71F,66,1,0,0,0,1,0,0,2,0,0,0,1,0,0,1,0,0,1,1,2
636VS81F,66,0,1,0,1,0,1,0,0,0,1,0,1,0,1,0,0,0,1,1,2
HOAO3KJE,75,1,0,0,1,1,1,0,0,1,1,0,0,1,0,1,1,1,4,0,4
333JTVSE,75,0,1,0,1,1,0,0,0,1,2,0,0,0,1,1,1,1,4,0,4
UYAQSDWE,75,1,0,1,1,0,1,0,1,1,0,0,0,1,1,1,1,0,4,0,4
DTDO3C8E,70,1,1,1,1,0,1,0,0,1,0,0,0,1,1,1,1,0,4,0,4
5NLZJEAE,70,1,0,1,1,1,1,0,0,0,1,0,0,1,1,0,0,1,3,0,3
NDVDS7CE,80,1,0,0,0,1,2,1,0,0,1,0,0,1,0,0,0,1,2,0,2
Y6BM3CAE,85,1,0,1,1,1,0,0,1,1,1,0,0,0,0,0,1,1,2,0,2
MBUOB2ME,95,1,0,0,1,0,0,1,1,1,2,0,0,0,0,0,1,1,2,0,2
B3NGWAFE,70,1,1,0,1,1,0,0,0,1,1,0,0,0,0,1,1,1,3,0,3
9SIELZIE,70,1,1,0,1,1,0,0,0,1,1,0,0,0,1,1,1,1,4,0,4
OZQM3ROE,80,1,0,0,1,0,1,1,0,1,1,0,0,1,1,0,1,0,3,0,3
6W7DL9JE,75,1,0,0,1,1,1,0,0,1,1,0,0,1,0,0,1,1,3,0,3
P7U1SZJE,70,1,1,0,1,1,0,0,0,1,1,0,0,0,0,1,1,1,3,0,3
SPJ26ROE,75,0,0,1,1,1,0,0,0,1,2,0,0,0,1,1,1,1,4,0,4
55J7YSME,70,1,1,0,1,1,1,0,0,0,1,0,0,1,1,0,0,1,3,0,3
R4XNX9NE,70,1,0,1,1,1,1,0,0,1,0,0,0,1,0,1,1,0,3,0,3
WXU5WTTE,70,0,1,1,1,1,0,0,0,0,2,0,0,0,1,0,0,1,2,0,2
H33A91UE,70,1,1,1,0,1,1,0,0,0,1,0,0,1,0,1,0,1,3,0,3
ZQNNS49E,80,0,1,0,0,1,1,0,1,1,1,0,0,0,1,0,0,1,2,0,2
YW2XKADE,80,0,1,0,1,0,2,0,0,0,2,0,0,1,0,0,0,1,2,0,2
BD99R99E,75,1,0,0,1,1,0,0,0,1,2,0,0,0,0,1,1,1,3,0,3
XEUSUEWE,75,0,1,1,1,0,0,0,1,0,2,0,0,0,1,1,0,1,3,0,3
GM25WNYE,75,1,0,1,1,0,1,0,0,2,0,0,0,1,1,0,1,0,3,0,3
ILK599FE,75,1,1,0,0,1,1,0,1,0,1,0,0,1,0,1,0,1,3,0,3
VEBHT1YE,75,0,1,1,1,0,0,0,0,1,2,0,0,0,1,1,1,1,4,0,4
XFAJHF8E,75,1,0,0,1,1,1,0,0,0,2,0,0,1,1,0,0,1,3,0,3
L5B9S3KE,75,1,0,1,0,1,1,1,0,0,1,0,0,1,0,1,0,1,3,0,3
2KLR6LKE,75,1,1,0,0,1,0,0,1,1,1,0,0,0,1,0,0,1,2,0,2
5KUPNRUE,75,1,0,0,1,1,1,0,1,0,1,0,0,1,0,1,0,1,3,0,3
PQU85RSE,70,0,1,1,1,1,0,0,1,1,0,0,0,0,1,0,1,0,2,0,2
WLAIWBTE,70,1,1,0,1,1,1,0,1,0,0,0,0,1,0,1,0,0,2,0,2
4AGNBFDE,75,1,1,0,1,0,0,0,0,1,2,0,0,0,1,0,1,1,3,0,3
4WYZJTJE,75,1,1,0,0,1,1,1,0,0,1,0,0,1,0,0,0,1,2,0,2
BUAC3P9E,70,1,1,1,0,1,0,0,0,0,2,0,0,0,0,0,0,1,1,0,1
B1J7YD9E,80,0,0,1,1,0,1,0,1,0,2,0,0,0,0,1,0,1,2,0,2
YI7MM1XE,75,0,1,0,1,1,1,1,0,0,1,0,0,0,1,1,0,1,3,0,3
3M2M8OXE,75,1,1,0,0,1,1,0,0,1,1,0,0,1,1,0,0,1,3,0,3
DTPV378E,75,1,0,1,1,0,1,1,0,0,1,0,0,1,0,1,0,0,2,0,2
RIOZIKJE,75,0,1,1,0,1,0,0,0,1,2,0,0,0,1,0,0,1,2,0,2
ZMOHUYWE,75,1,1,0,0,1,1,0,0,1,1,0,0,1,0,0,0,1,2,0,2
XQJJD1AE,75,0,0,1,1,1,0,0,0,2,1,0,0,0,0,0,1,1,2,0,2
4PSJ989E,75,0,1,1,1,0,0,0,0,1,2,0,0,0,0,1,1,1,3,0,3
77BPUPIE,75,0,1,0,1,1,1,0,0,1,1,0,0,0,1,1,1,1,4,0,4
Q5NSMCUE,70,1,0,1,1,1,1,0,0,0,1,0,0,1,1,0,0,1,3,0,3
N8SPMF8E,70,1,1,0,1,1,1,0,0,1,0,0,0,1,0,0,1,0,2,0,2
AM2L38WE,70,0,1,1,1,1,0,0,0,1,1,0,0,0,0,0,1,1,2,0,2
OEGR4LEE,80,0,1,0,0,1,1,0,0,2,1,0,0,0,0,1,1,1,3,0,3
3WJHMTFE,80,0,1,0,1,0,0,1,1,1,1,0,0,0,1,0,1,0,2,0,2
HTLYFNKE,75,1,1,0,0,1,1,0,1,0,1,0,0,1,0,1,0,1,3,0,3
9UYSCT9E,70,1,0,1,1,1,0,0,1,0,1,0,0,0,1,1,0,1,3,0,3
7MHD75AE,70,1,1,1,0,1,1,0,0,0,1,0,0,1,1,1,0,1,4,0,4
BGFQM3UE,70,1,1,1,1,0,1,0,0,0,1,0,0,1,1,0,0,0,2,0,2
9VR1BIOE,80,1,0,0,0,1,1,0,0,1,2,0,0,1,0,0,0,1,2,0,2
VBBMLBME,80,0,0,1,0,1,1,0,0,2,1,0,0,0,0,0,1,1,2,0,2
SDZ94BCE,75,1,1,0,1,0,0,0,0,1,2,0,0,0,0,0,1,1,2,0,2
W9NE54JE,75,1,0,1,0,1,0,0,0,0,3,0,0,0,0,1,0,1,2,0,2
FTDMMWUE,70,1,0,1,1,1,0,0,0,0,2,0,0,0,1,0,0,1,2,0,2
21X2E1VE,70,1,0,1,1,1,1,0,0,1,0,0,0,1,0,1,1,0,3,0,3
Z3EPIQ9E,75,1,0,0,1,1,0,0,1,0,2,0,0,0,1,0,0,1,2,0,2
Q3RE83IE,75,1,0,1,0,1,1,0,0,0,2,0,0,1,0,0,0,1,2,0,2
YV7G3NKE,75,1,1,0,1,0,0,0,0,2,1,0,0,0,0,1,1,0,2,0,2
JVVM6QJE,75,0,0,1,1,1,1,0,0,1,1,0,0,0,1,1,1,1,4,0,4
SEFU3PME,80,1,0,0,1,0,2,1,1,0,0,0,0,1,1,1,0,0,3,0,3
WY3FC3PE,80,1,0,0,1,0,1,0,2,1,0,0,0,1,1,1,1,0,4,0,4
RYGG88YE,70,1,1,1,1,0,1,0,0,1,0,0,0,1,1,1,1,0,4,0,4
ED89ZTGE,80,0,0,1,0,1,2,1,1,0,0,0,0,1,1,0,0,0,2,0,2
TTTA9EPE,80,0,0,1,0,1,2,0,1,0,1,0,0,1,0,0,0,1,2,0,2
1JXBRITE,80,0,0,1,0,1,0,1,1,0,2,0,0,0,0,1,0,1,2,0,2
FYQU8AUE,80,0,1,0,1,0,1,1,0,1,1,0,0,0,1,0,1,0,2,0,2
R6EFDAWE,80,1,0,0,1,0,2,1,0,1,0,0,0,1,0,1,1,0,3,0,3
P1RL1EXE,80,0,1,0,0,1,0,0,3,0,1,0,0,0,1,1,0,1,3,0,3
WZR1SW9E,75,1,1,0,0,1,1,1,1,0,0,0,0,1,1,0,0,0,2,0,2
DNJ5KNCE,75,0,1,1,0,1,2,0,0,0,1,0,0,1,0,0,0,1,2,0,2
WX4BTVDE,75,1,0,0,1,1,0,0,1,0,2,0,0,0,0,1,0,1,2,0,2
B4GYPYDE,75,0,1,1,0,1,0,1,1,0,1,0,0,0,1,0,0,1,2,0,2
SFEH5JFE,75,0,0,1,1,1,2,0,0,0,1,0,0,1,0,0,0,1,2,0,2
TZGPJAHE,75,1,0,0,1,1,0,1,0,1,1,0,0,0,0,1,1,1,3,0,3
IDP1HYHE,75,1,0,1,0,1,0,0,0,1,2,0,0,0,1,1,0,1,3,0,3
RNX8R2LE,75,1,0,0,1,1,1,1,1,0,0,0,0,1,1,0,0,0,2,0,2
5X29WGLE,75,1,0,1,0,1,1,0,1,0,1,0,0,1,0,0,0,1,2,0,2
MB3KIZNE,75,1,0,0,1,1,0,0,1,0,2,0,0,0,0,1,0,1,2,0,2
C3ARR3OE,75,0,1,1,1,0,1,0,0,1,1,0,0,0,1,0,1,0,2,0,2
43IXTUOE,75,1,0,0,1,1,1,0,0,0,2,0,0,1,0,0,0,1,2,0,2
NI7A5CRE,75,0,1,0,1,1,1,0,1,0,1,0,0,0,0,0,0,1,1,0,1
YMWHLZSE,75,0,1,1,0,1,0,1,1,0,1,0,0,0,0,0,0,1,1,0,1
FOL8DBWE,75,0,1,1,0,1,0,1,0,0,2,0,0,0,0,1,0,1,2,0,2
QM2M7PXE,75,1,0,0,1,1,0,1,1,0,1,0,0,0,1,0,0,1,2,0,2
ESIC6ECE,70,1,1,1,1,0,2,0,0,0,0,0,0,1,0,1,0,0,2,0,2
2Q8GN4FE,70,1,1,1,1,0,0,0,1,1,0,0,0,0,1,0,1,0,2,0,2
WGJI3FFE,70,1,1,1,1,0,1,0,0,1,0,0,0,1,0,0,1,0,2,0,2
A1OHMTKE,70,1,1,0,1,1,0,0,0,1,1,0,0,0,0,0,1,1,2,0,2
RAL3HANE,70,1,1,0,1,1,0,0,0,0,2,0,0,0,0,1,0,1,2,0,2
MMP4AYOE,70,1,1,1,0,1,0,0,1,0,1,0,0,0,1,0,0,1,2,0,2
PKE7S1PE,70,1,0,1,1,1,1,0,0,1,0,0,0,1,0,0,1,0,2,0,2
7TMWU7PE,70,0,1,1,1,1,0,0,0,1,1,0,0,0,0,0,1,1,2,0,2
RBZ5ONZE,70,1,0,1,1,1,0,1,0,1,0,0,0,0,0,1,1,0,2,0,2
A6YEAOZE,70,1,1,1,0,1,0,0,0,1,1,0,0,0,1,0,0,1,2,0,2
GN4QRXZE,70,1,1,0,1,1,1,0,0,0,1,0,0,1,0,0,0,1,2,0,2
2Q76Y71F,70,1,0,1,1,1,0,0,0,1,1,0,0,0,0,0,1,1,2,0,2
6F5QGUHE,70,1,0,1,1,1,0,1,0,0,1,0,0,0,0,0,0,1,1,0,1
L43XCKSE,70,1,1,1,0,1,0,1,0,0,1,0,0,0,0,0,0,1,1,0,1
21VGU8HE,70,0,1,1,1,1,0,0,1,0,1,0,0,0,0,1,0,1,2,0,2
IBH3QMHE,70,0,1,1,1,1,0,0,1,0,1,0,0,0,1,0,0,1,2,0,2
14ORH9JE,70,1,1,1,1,0,2,0,0,0,0,0,0,1,0,0,0,0,1,0,1
OP3XRIJE,70,1,0,1,1,1,0,0,1,1,0,0,0,0,0,0,1,0,1,0,1
19P8WXHE,75,0,1,0,1,1,0,0,2,0,1,0,0,0,0,0,0,1,1,0,1
YEIXQIFE,70,1,0,1,1,1,0,0,1,0,1,0,0,0,0,0,0,1,1,0,1
CY3QCDRE,70,0,1,1,1,1,0,0,1,0,1,0,0,0,0,0,0,1,1,0,1
65JC3ORE,70,1,1,1,1,0,0,0,0,1,1,0,0,0,0,0,1,0,1,0,1
Y27WXYME,75,1,1,0,0,1,0,1,1,0,1,0,0,0,0,1,0,1,2,0,2
NOCGJEQE,75,1,1,0,0,1,0,1,0,1,1,0,0,0,1,0,0,1,2,0,2
VKN5BNXE,75,1,1,0,1,0,1,1,0,0,1,0,0,1,0,0,0,0,1,0,1
JRVSMNXE,75,0,0,1,1,1,1,0,1,0,1,0,0,0,0,0,0,1,1,0,1
DJZJHFME,70,1,1,0,1,1,0,1,0,1,0,0,0,0,0,0,1,0,1,0,1
DNQT5ATE,70,0,1,1,1,1,0,0,1,0,1,0,0,0,0,0,0,1,1,0,1
J9FP3TTE,70,0,1,1,1,1,0,0,1,1,0,0,0,0,0,0,1,0,1,0,1
APMV5YKE,80,0,1,0,0,1,0,1,2,0,1,0,0,0,0,0,0,1,1,0,1
PBU2F4QE,80,0,0,1,1,0,1,0,1,0,2,0,0,0,0,0,0,1,1,0,1
JA7VX7BE,75,0,1,1,1,0,0,0,1,1,1,0,0,0,0,0,1,0,1,0,1
5O5LVQLE,75,1,1,0,0,1,0,0,2,0,1,0,0,0,0,0,0,1,1,0,1
E4TTX3NE,75,0,0,1,1,1,0,0,2,0,1,0,0,0,0,1,0,1,2,0,2
8F5AW5NE,75,1,1,0,1,0,0,1,0,0,2,0,0,0,1,0,0,1,2,0,2
B9NPZJOE,75,1,0,1,1,0,2,1,0,0,0,0,0,1,0,1,0,0,2,0,2
ZZ9ZJOOE,75,1,0,0,1,1,0,2,0,0,1,0,0,0,1,1,0,1,3,0,3
JK268LRE,75,1,1,0,1,0,2,0,1,0,0,0,0,1,1,0,0,0,2,0,2
1OBM76VE,75,1,1,0,0,1,1,0,2,0,0,0,0,1,0,1,0,0,2,0,2
B9CYKCEE,70,1,1,0,1,1,0,1,0,0,1,0,0,0,1,0,0,1,2,0,2
WFTLUBGE,70,1,1,1,0,1,1,0,1,0,0,0,0,1,0,1,0,0,2,0,2
BU7B27NE,70,1,0,1,1,1,0,2,0,0,0,0,0,0,1,1,0,0,2,0,2
UPO86NNE,70,1,1,0,1,1,2,0,0,0,0,0,0,1,1,1,0,0,3,0,3
4GYFHGSE,70,1,1,1,0,1,1,0,1,0,0,0,0,1,1,0,0,0,2,0,2
K2R1X2TE,75,1,0,0,1,1,2,0,1,0,0,0,0,1,0,1,0,0,2,0,2
U4QU9RUE,75,1,0,1,1,0,0,1,1,1,0,0,0,0,1,1,1,0,3,0,3
KFPL9IYE,75,1,0,1,1,0,1,1,0,0,1,0,0,1,1,0,0,0,2,0,2
RBBLZ2VE,70,0,1,1,1,1,2,0,0,0,0,0,0,1,0,0,0,0,1,0,1
D3WPFZUE,75,0,0,1,1,1,1,0,0,0,2,0,0,0,0,0,0,1,1,0,1
94DPE5WE,75,0,1,1,0,1,0,0,1,1,1,0,0,0,0,0,0,1,1,0,1
UFR7HSFE,70,1,1,1,0,1,0,0,1,0,1,0,0,0,0,0,0,1,1,0,1
T1JDMFIE,70,0,1,1,1,1,0,0,1,0,1,0,0,0,0,0,0,1,1,0,1
6OMEPMME,70,1,1,1,0,1,0,0,1,0,1,0,0,0,0,0,0,1,1,0,1
ICCD25UE,70,0,1,1,1,1,0,1,0,0,1,0,0,0,0,0,0,1,1,0,1
1BC657UE,70,1,1,0,1,1,0,0,1,0,1,0,0,0,0,0,0,1,1,0,1
NWNUMBPE,95,0,1,0,0,1,1,0,2,0,2,0,0,0,0,0,0,1,1,0,1
483PXSZE,85,0,1,1,1,1,1,0,0,2,0,0,0,0,0,0,1,0,1,0,1
5K8GBSQE,80,0,0,1,1,0,0,1,0,2,1,0,0,0,0,0,1,0,1,0,1
XSI3M2SE,80,1,0,0,0,1,0,0,1,0,3,0,0,0,0,0,0,1,1,0,1
KG3T919E,75,1,1,0,0,1,0,0,0,1,2,0,0,0,0,0,0,1,1,0,1
ACHQA5CE,75,0,1,1,0,1,0,0,2,0,1,0,0,0,0,0,0,1,1,0,1
ACRT73ME,75,1,0,1,0,1,0,1,0,1,1,0,0,0,0,0,0,1,1,0,1
DD9XA7NE,75,0,1,1,1,0,0,0,1,1,1,0,0,0,0,0,1,0,1,0,1
EV7C3JNE,75,1,1,0,0,1,0,0,0,1,2,0,0,0,0,0,0,1,1,0,1
NAEKHEPE,75,0,1,1,1,0,0,0,1,1,1,0,0,0,0,0,1,0,1,0,1
F4DFYEPE,75,1,1,0,1,0,0,0,1,0,2,0,0,0,0,0,0,1,1,0,1
EBX5R9SE,75,0,1,1,1,0,1,1,0,1,0,0,0,0,0,0,1,0,1,0,1
5JF8JFVE,75,0,1,0,1,1,0,0,2,1,0,0,0,0,0,1,1,0,2,0,2
DV5XENEE,70,1,1,1,1,0,0,0,0,0,2,0,0,0,1,0,0,1,2,0,2
V5BFJPKE,70,1,1,0,1,1,1,0,1,0,0,0,0,1,0,0,0,0,1,0,1
545XIAPE,70,0,1,1,1,1,1,0,0,0,1,0,0,0,0,0,0,1,1,0,1
BW17LXQE,70,1,1,1,1,0,0,0,0,0,2,0,0,0,0,0,0,1,1,0,1
ZM9E4KSE,70,1,0,1,1,1,0,1,0,0,1,0,0,0,0,0,0,1,1,0,1
Z4XK9V7E,75,0,1,1,1,0,0,0,1,1,1,0,0,0,0,1,1,0,2,0,2
F9ZF5KTE,70,1,1,1,0,1,0,1,0,0,1,0,0,0,1,0,0,1,2,0,2
BX5UJ6XE,75,0,1,1,0,1,2,0,1,0,0,0,0,1,0,0,0,0,1,0,1
EGM5O3JE,70,1,1,1,0,1,0,0,0,0,2,0,0,0,0,0,0,1,1,0,1
2XCRUTJE,70,1,1,1,0,1,0,0,0,0,2,0,0,0,0,0,0,1,1,0,1
ZMCJYWRE,70,0,1,1,1,1,0,1,0,0,1,0,0,0,0,0,0,1,1,0,1
XRAXEWXE,70,1,0,1,1,1,0,0,1,1,0,0,0,0,0,0,1,0,1,0,1
C4AWWGEE,80,0,1,0,0,1,1,0,1,1,1,0,0,0,0,0,0,1,1,0,1
7XY63PSE,80,1,0,0,1,0,0,0,1,2,1,0,0,0,0,0,1,0,1,0,1
93HPIHWE,80,0,1,0,1,0,1,0,2,1,0,0,0,0,0,0,1,0,1,0,1
LB2HM29E,75,0,1,1,1,0,1,0,0,2,0,0,0,0,0,0,1,0,1,0,1
FEASLRCE,75,1,1,0,1,0,0,0,0,2,1,0,0,0,0,0,1,0,1,0,1
8KYYM9ME,75,1,1,0,0,1,0,0,1,1,1,0,0,0,0,0,0,1,1,0,1
GXGFZWNE,75,1,0,0,1,1,0,2,0,0,1,0,0,0,0,0,0,1,1,0,1
2CEQDXNE,75,0,1,1,1,0,1,0,0,2,0,0,0,0,0,0,1,0,1,0,1
L6QQUKPE,75,0,0,1,1,1,1,0,1,0,1,0,0,0,0,0,0,1,1,0,1
QCKZEUPE,75,1,1,0,1,0,0,0,2,1,0,0,0,0,0,0,1,0,1,0,1
Q42ZVFSE,75,0,0,1,1,1,1,0,0,0,2,0,0,0,0,0,0,1,1,0,1
399FOZWE,75,0,0,1,1,1,0,2,0,0,1,0,0,0,0,1,0,1,2,0,2
MZ2EFLIE,70,1,1,1,0,1,0,1,1,0,0,0,0,0,1,0,0,0,1,0,1
PHR8BXIE,70,1,1,1,0,1,1,0,0,1,0,0,0,1,0,0,0,0,1,0,1
KDAHILJE,70,1,0,1,1,1,0,0,1,1,0,0,0,0,0,0,1,0,1,0,1
EJ7PCMJE,70,1,1,1,1,0,0,0,0,2,0,0,0,0,0,1,1,0,2,0,2
S3VDBSKE,70,1,1,1,0,1,0,0,1,0,1,0,0,0,1,0,0,1,2,0,2
7PW29RYE,70,1,1,1,0,1,1,0,1,0,0,0,0,1,0,0,0,0,1,0,1
VEZYNVYE,70,0,1,1,1,1,0,1,0,1,0,0,0,0,0,0,1,0,1,0,1
MNFPG58E,75,0,1,1,1,0,0,1,1,1,0,0,0,0,0,0,1,0,1,0,1
VF9SQOKE,75,0,0,1,1,1,0,1,1,0,1,0,0,0,0,0,0,1,1,0,1
HGMKHEYE,70,1,0,1,1,1,0,1,0,1,0,0,0,0,0,0,1,0,1,0,1
YYQYKBXE,80,0,0,1,0,1,0,0,1,1,2,0,0,0,0,1,0,1,2,0,2
WYRVO7DE,75,0,1,1,1,0,0,0,2,1,0,0,0,0,1,0,1,0,2,0,2
CTK9GCKE,70,1,1,0,1,1,1,1,0,0,0,0,0,1,0,1,0,0,2,0,2
LCQEWYRE,70,1,1,0,1,1,0,1,1,0,0,0,0,0,1,0,0,0,1,0,1
6N7S98SE,70,1,1,0,1,1,1,0,1,0,0,0,0,1,0,1,0,0,2,0,2
2AGVPTSE,70,1,0,1,1,1,0,1,0,0,1,0,0,0,1,0,0,1,2,0,2
5VAXOIYE,70,1,1,1,1,0,2,0,0,0,0,0,0,1,0,0,0,0,1,0,1
2FVZY2ZE,70,1,1,1,0,1,0,0,0,2,0,0,0,0,0,1,1,0,2,0,2
FTV43AZE,70,1,1,1,0,1,0,0,0,1,1,0,0,0,1,0,0,1,2,0,2
7UBXI7HE,80,1,0,0,0,1,2,0,1,1,0,0,0,1,0,1,0,0,2,0,2
Q2R2S1JE,80,0,0,1,0,1,0,2,0,1,1,0,0,0,1,0,0,1,2,0,2
VO6JWFXE,80,1,0,0,1,0,1,1,1,0,1,0,0,1,0,0,0,0,1,0,1
N6CMLSXE,80,0,1,0,0,1,0,1,1,1,1,0,0,0,0,0,0,1,1,0,1
356Z1ZXE,80,0,1,0,0,1,1,0,1,1,1,0,0,0,0,0,0,1,1,0,1
5GJ5BJYE,80,0,0,1,0,1,0,0,0,1,3,0,0,0,0,0,0,1,1,0,1
ZD5OR11F,80,1,0,0,1,0,0,1,1,1,1,0,0,0,0,1,1,0,2,0,2
5WPGOF9E,75,1,1,0,0,1,0,0,2,1,0,0,0,0,1,0,0,0,1,0,1
RBG12BAE,75,1,0,1,1,0,1,2,0,0,0,0,0,1,0,0,0,0,1,0,1
LK34UEAE,75,0,0,1,1,1,0,0,1,2,0,0,0,0,0,0,1,0,1,0,1
XGCCHRAE,75,1,1,0,1,0,0,0,1,1,1,0,0,0,0,0,1,0,1,0,1
JJ6DM1BE,75,0,0,1,1,1,0,1,0,0,2,0,0,0,0,1,0,1,2,0,2
2CQ8XGCE,75,0,1,1,0,1,0,1,2,0,0,0,0,0,1,0,0,0,1,0,1
7X3GXRDE,75,1,0,1,1,0,1,0,1,0,1,0,0,1,0,0,0,0,1,0,1
HBH4ESGE,75,0,1,0,1,1,0,0,1,2,0,0,0,0,0,0,1,0,1,0,1
Z18TG8IE,75,1,0,1,0,1,0,0,0,1,2,0,0,0,0,0,0,1,1,0,1
K6KKEEKE,75,1,0,1,0,1,0,1,1,0,1,0,0,0,0,0,0,1,1,0,1
YKY1FNLE,75,0,1,0,1,1,0,2,0,0,1,0,0,0,0,1,0,1,2,0,2
OEXGEBME,75,1,1,0,1,0,0,0,2,0,1,0,0,0,1,0,0,0,1,0,1
3AKC84NE,75,0,1,1,1,0,3,0,0,0,0,0,0,1,0,1,0,0,2,0,2
X3SR68TE,75,0,1,1,1,0,0,0,2,0,1,0,0,0,1,0,0,0,1,0,1
51Y5EITE,75,1,0,1,0,1,2,0,1,0,0,0,0,1,0,0,0,0,1,0,1
KP2YJSTE,75,0,0,1,1,1,0,0,1,0,2,0,0,0,0,0,0,1,1,0,1
18LSYYTE,75,0,1,1,0,1,0,1,1,0,1,0,0,0,0,0,0,1,1,0,1
P6LL53UE,75,1,1,0,0,1,0,1,1,0,1,0,0,0,0,0,0,1,1,0,1
Y5WAFCUE,75,1,1,0,0,1,0,0,2,1,0,0,0,0,0,0,0,0,0,0,0
VHN5XRUE,75,1,1,0,1,0,0,2,0,0,1,0,0,0,0,1,0,0,1,0,1
BZESA1XE,75,0,0,1,1,1,1,0,2,0,0,0,0,0,1,0,0,0,1,0,1
LDXNJRXE,75,1,0,0,1,1,1,0,2,0,0,0,0,1,0,0,0,0,1,0,1
3EYHVTXE,75,0,1,0,1,1,0,0,2,0,1,0,0,0,0,0,0,1,1,0,1
8G6I5VXE,75,0,1,1,1,0,0,2,0,1,0,0,0,0,0,0,1,0,1,0,1
G3OOC4ZE,75,0,0,1,1,1,0,1,1,0,1,0,0,0,0,0,0,1,1,0,1
YEVDKIZE,75,0,0,1,1,1,1,1,0,0,1,0,0,0,0,0,0,1,1,0,1
FI8IHR8E,70,1,0,1,1,1,0,1,0,1,0,0,0,0,0,0,1,0,1,0,1
ST43J19E,70,1,1,0,1,1,0,1,0,0,1,0,0,0,0,0,0,1,1,0,1
S32LF9BE,70,1,0,1,1,1,0,0,1,0,1,0,0,0,0,0,0,1,1,0,1
IZVAFTBE,70,1,1,1,1,0,0,1,0,0,1,0,0,0,0,1,0,0,1,0,1
XNHI8ECE,70,1,1,1,0,1,0,1,0,1,0,0,0,0,1,0,0,0,1,0,1
ARHTLKCE,70,1,1,0,1,1,1,0,1,0,0,0,0,1,0,0,0,0,1,0,1
ERZPMQCE,70,1,0,1,1,1,0,1,0,1,0,0,0,0,0,0,1,0,1,0,1
Z3OGN5DE,70,0,1,1,1,1,0,0,0,2,0,0,0,0,0,0,1,0,1,0,1
X3WU4HDE,70,1,1,1,1,0,0,0,0,1,1,0,0,0,0,0,1,0,1,0,1
29PXQ9EE,70,0,1,1,1,1,0,1,0,1,0,0,0,0,0,0,1,0,1,0,1
IOBMF9GE,70,0,1,1,1,1,0,1,1,0,0,0,0,0,0,1,0,0,1,0,1
8LOZYMXE,70,0,1,1,1,1,1,0,1,0,0,0,0,0,1,0,0,0,1,0,1
C3TVQEZE,70,1,1,1,1,0,2,0,0,0,0,0,0,1,0,0,0,0,1,0,1
1TZXV11F,70,1,1,1,0,1,0,0,1,0,1,0,0,0,0,0,0,1,1,0,1
7HYLO7YE,75,0,0,1,1,1,1,1,1,0,0,0,0,0,0,0,0,0,0,0,0
ONERQDME,80,0,1,0,0,1,0,2,1,1,0,0,0,0,0,0,0,0,0,0,0
YKRK438E,70,1,1,1,0,1,0,1,0,1,0,0,0,0,0,0,0,0,0,0,0
5D84KIFE,75,0,1,1,0,1,1,0,1,1,0,0,0,0,0,0,0,0,0,0,0
G4QX4QOE,75,1,0,1,1,0,0,2,1,0,0,0,0,0,0,0,0,0,0,0,0
YN9YG81F,75,0,0,1,1,1,1,1,1,0,0,0,0,0,0,0,0,0,0,0,0
MTMXMCBE,70,1,1,1,0,1,0,1,0,1,0,0,0,0,0,0,0,0,0,0,0
GJC4STNE,70,1,1,1,0,1,0,1,0,1,0,0,0,0,0,0,0,0,0,0,0
G512LF8E,80,0,1,0,1,0,0,1,2,0,1,0,0,0,0,0,0,0,0,0,0
GMSV4CEE,80,0,0,1,1,0,1,0,2,0,1,0,0,0,0,0,0,0,0,0,0
ZG5Z5MIE,80,0,1,0,1,0,0,1,2,0,1,0,0,0,0,0,0,0,0,0,0
C4HRCEQE,80,0,1,0,0,1,1,0,2,1,0,0,0,0,0,0,0,0,0,0,0
VKXWWLXE,80,0,1,0,1,0,0,1,2,0,1,0,0,0,0,0,0,0,0,0,0
B46OFXYE,80,0,0,1,1,0,1,2,1,0,0,0,0,0,0,0,0,0,0,0,0
ACZHMU8E,75,0,1,1,1,0,1,0,1,0,1,0,0,0,0,0,0,0,0,0,0
31JX7SCE,75,0,1,1,0,1,1,0,2,0,0,0,0,0,0,0,0,0,0,0,0
QM5JUEGE,75,1,1,0,1,0,0,1,2,0,0,0,0,0,0,0,0,0,0,0,0
M22NLKGE,75,1,0,1,0,1,0,0,2,1,0,0,0,0,0,0,0,0,0,0,0
E9VG5VHE,75,1,0,1,1,0,0,1,1,0,1,0,0,0,0,0,0,0,0,0,0
E9EK5KOE,75,0,1,1,0,1,1,0,2,0,0,0,0,0,0,0,0,0,0,0,0
Z5X6OPRE,75,0,1,0,1,1,1,0,2,0,0,0,0,0,0,0,0,0,0,0,0
VJR2FQRE,75,0,0,1,1,1,0,1,2,0,0,0,0,0,0,0,0,0,0,0,0
SN3F1XXE,75,1,0,0,1,1,0,1,2,0,0,0,0,0,0,0,0,0,0,0,0
AXF1JAZE,75,1,1,0,1,0,0,1,2,0,0,0,0,0,0,0,0,0,0,0,0
BZQATF9E,70,1,1,1,1,0,0,0,2,0,0,0,0,0,0,0,0,0,0,0,0
RQAIUVCE,70,1,1,1,0,1,0,0,2,0,0,0,0,0,0,0,0,0,0,0,0
YNKTT5DE,70,1,0,1,1,1,0,0,2,0,0,0,0,0,0,0,0,0,0,0,0
IS5BQMDE,70,1,1,1,1,0,0,1,0,0,1,0,0,0,0,0,0,0,0,0,0
4LXVZ4EE,70,1,1,0,1,1,0,0,2,0,0,0,0,0,0,0,0,0,0,0,0
GUFIQNGE,70,1,1,1,1,0,0,1,0,0,1,0,0,0,0,0,0,0,0,0,0
FE6VNWGE,70,1,1,0,1,1,0,0,2,0,0,0,0,0,0,0,0,0,0,0,0
WBD9CJJE,70,1,1,1,0,1,0,0,1,1,0,0,0,0,0,0,0,0,0,0,0
62XPWWKE,70,0,1,1,1,1,1,0,1,0,0,0,0,0,0,0,0,0,0,0,0
6FJKYZLE,70,1,1,1,0,1,0,2,0,0,0,0,0,0,0,0,0,0,0,0,0
PUM75BME,70,1,1,1,0,1,0,1,1,0,0,0,0,0,0,0,0,0,0,0,0
QELNVZQE,70,0,1,1,1,1,0,1,1,0,0,0,0,0,0,0,0,0,0,0,0
28OFAJSE,70,1,1,0,1,1,0,2,0,0,0,0,0,0,0,0,0,0,0,0,0
C6VARLTE,70,1,1,0,1,1,0,1,1,0,0,0,0,0,0,0,0,0,0,0,0
XBOYUBVE,70,1,1,1,0,1,0,1,0,1,0,0,0,0,0,0,0,0,0,0,0
1EQ7ZCVE,70,1,0,1,1,1,0,1,1,0,0,0,0,0,0,0,0,0,0,0,0
ML81BTVE,70,0,1,1,1,1,0,2,0,0,0,0,0,0,0,0,0,0,0,0,0
XHAPAIXE,70,1,0,1,1,1,0,2,0,0,0,0,0,0,0,0,0,0,0,0,0
KG3M43ZE,70,1,1,1,1,0,0,1,1,0,0,0,0,0,0,0,0,0,0,0,0
7HGTKLZE,70,0,1,1,1,1,1,1,0,0,0,0,0,0,0,0,0,0,0,0,0
AH9V7ZZE,70,0,1,1,1,1,0,2,0,0,0,0,0,0,0,0,0,0,0,0,0
FE2RO31F,70,0,1,1,1,1,0,1,1,0,0,0,0,0,0,0,0,0,0,0,0
